Species_Spaced,Species,Species_Name,Genus_Name,Tribe,Subfamily,Family,Superfamily,Parvorder,Infraorder,Suborder,Order,Common_Name,Wild_Tooluse,Captive_Tooluse,Tooluse_Any,Hunting,Lethal_Aggression,Contact_Aggression,Aggression_Level,Synonyms,Body_Mass_g,ECV,EQ,Body_Mass_Ref,ECV_Ref,Body_Mass_kg,Body_Mass_Male_kg,Body_Mass_Female_kg,Sexual_Dimorphism,Refs1_zenodo,GCDI
Homo sapiens,Homo_sapiens,sapiens,Homo,Hominini,Homininae,Hominidae,Hominoidea,Catarrhini,Anthropoidea,Haplorhini,Primates,Humans,Y,Y,Y,Y,Y,Y,IP,NA,57800,1349,7.616160897,ISO 690 ,NA,62,90.72,72.1,1.258252427,NA,
Pan troglodytes,Pan_troglodytes,troglodytes,Pan,Hominini,Homininae,Hominidae,Hominoidea,Catarrhini,Anthropoidea,Haplorhini,Primates,Chimpanzees,Y,Y,Y,Y,Y,Y,IP,NA,44967,368.35,2.417715469,"Powell, L. E., Isler, K., & Barton, R. A. (2017). Re-evaluating the link between brain size and behavioural ecology in primates. Proc. R. Soc. B, 284(1865), 20171765.","Powell, L. E., Isler, K., & Barton, R. A. (2017). Re-evaluating the link between brain size and behavioural ecology in primates. Proc. R. Soc. B, 284(1865), 20171765.",53.7,60,47.4,1.265822785,314,0.245
Pan paniscus,Pan_paniscus,paniscus,Pan,Hominini,Homininae,Hominidae,Hominoidea,Catarrhini,Anthropoidea,Haplorhini,Primates,Bonobos,Y,Y,Y,Y,N,Y,NA,Pygmy chimpanzee,39100,341.29,2.436118291,"Fleagle, J. G. (2013). Primate adaptation and evolution. Academic Press.","Van Woerden, J. T., Van Schaik, C. P., & Isler, K. (2010). Effects of seasonality on brain size evolution: evidence from strepsirrhine primates. The American Naturalist, 176(6), 758-767.",39.1,45,33.2,1.355421687,314,0.233
Gorilla gorilla,Gorilla_gorilla,gorilla,Gorilla,Gorillini,Homininae,Hominidae,Hominoidea,Catarrhini,Anthropoidea,Haplorhini,Primates,Western gorilla,Y,Y,Y,N,Y,Y,IP,Lowland gorilla,120950,490.41,1.777774438,"Grabowski, M., Voje, K. L., & Hansen, T. F. (2016). Evolutionary modeling and correcting for observation error support a 3/5 brain-body allometry for primates. Journal of human evolution, 94, 106-116.","Grabowski, M., Voje, K. L., & Hansen, T. F. (2016). Evolutionary modeling and correcting for observation error support a 3/5 brain-body allometry for primates. Journal of human evolution, 94, 106-116.",122.5,169.3,75.7,2.236459709,210,0.43
Gorilla beringei,Gorilla_beringei,beringei,Gorilla,Gorillini,Homininae,Hominidae,Hominoidea,Catarrhini,Anthropoidea,Haplorhini,Primates,Eastern gorilla,Y,Y,Y,N,Y,Y,IP,Mountain gorilla,130000,491.27,1.705434705,"Gómez, J. M., & Verdú, M. (2012). Mutualism with plants drives primate diversification. Systematic biology, syr127.","Russo, G. A., & Kirk, E. C. (2017). Another look at the foramen magnum in bipedal mammals. Journal of human evolution, 105, 24-40.",130,162.5,97.5,1.666666667,918,
Pongo pygmaeus,Pongo_pygmaeus,pygmaeus,Pongo,Pongini,Ponginae,Hominidae,Hominoidea,Catarrhini,Anthropoidea,Haplorhini,Primates,Bornean orangutan,Y,Y,Y,Y,Y,Y,NA,NA,58542,377.38,2.114361346,ISO 690 ,NA,57.15,78.5,35.8,2.19273743,210,0.376
Pongo abelii,Pongo_abelii,abelii,Pongo,Pongini,Ponginae,Hominidae,Hominoidea,Catarrhini,Anthropoidea,Haplorhini,Primates,Sumatran orangutan,Y,Y,Y,Y,N,Y,IP,NA,62815,389.5,2.091945217,"Grabowski, M., Voje, K. L., & Hansen, T. F. (2016). Evolutionary modeling and correcting for observation error support a 3/5 brain-body allometry for primates. Journal of human evolution, 94, 106-116.","Grabowski, M., Voje, K. L., & Hansen, T. F. (2016). Evolutionary modeling and correcting for observation error support a 3/5 brain-body allometry for primates. Journal of human evolution, 94, 106-116.",56.75,77.9,35.6,2.188202247,210,
Hylobates agilis,Hylobates_agilis,agilis,Hylobates,NA,Hylobatinae,Hylobatidae,Hominoidea,Catarrhini,Anthropoidea,Haplorhini,Primates,Agile gibbon,N,N,N,N,N,Y,CO,Black-handed gibbon,5850,91.16,2.034190681,"Grabowski, M., Voje, K. L., & Hansen, T. F. (2016). Evolutionary modeling and correcting for observation error support a 3/5 brain-body allometry for primates. Journal of human evolution, 94, 106-116.","Grabowski, M., Voje, K. L., & Hansen, T. F. (2016). Evolutionary modeling and correcting for observation error support a 3/5 brain-body allometry for primates. Journal of human evolution, 94, 106-116.",6,5.71,6.3,0.906349206,313,
Hylobates albibarbis,Hylobates_albibarbis,albibarbis,Hylobates,NA,Hylobatinae,Hylobatidae,Hominoidea,Catarrhini,Anthropoidea,Haplorhini,Primates,Bornean white-bearded gibbon,N,N,N,N,N,N,NA,"Southern gibbon, Bornean agile gibbon",,,,NA,NA,5.95,5.45,6.45,0.84496124,1123,
Hylobates lar,Hylobates_lar,lar,Hylobates,NA,Hylobatinae,Hylobatidae,Hominoidea,Catarrhini,Anthropoidea,Haplorhini,Primates,Lar gibbon,Y,Y,Y,Y,Y,Y,NA,White-handed gibbon,5595,101.87,2.334786187,"Grabowski, M., Voje, K. L., & Hansen, T. F. (2016). Evolutionary modeling and correcting for observation error support a 3/5 brain-body allometry for primates. Journal of human evolution, 94, 106-116.","Grabowski, M., Voje, K. L., & Hansen, T. F. (2016). Evolutionary modeling and correcting for observation error support a 3/5 brain-body allometry for primates. Journal of human evolution, 94, 106-116.",5.64,5.92,5.36,1.104477612,272,0.118
Hylobates muelleri,Hylobates_muelleri,muelleri,Hylobates,NA,Hylobatinae,Hylobatidae,Hominoidea,Catarrhini,Anthropoidea,Haplorhini,Primates,Müller's gibbon,N,N,N,N,N,N,NA,Southern grey gibbon,5821,85.13,1.905306888,ISO 690 ,NA,5.35,5.44,5.27,1.032258065,313,
Hylobates abbotti,Hylobates_abbotti,abbotti,Hylobates,NA,Hylobatinae,Hylobatidae,Hominoidea,Catarrhini,Anthropoidea,Haplorhini,Primates,Western grey gibbon,N,N,N,N,N,N,NA,Abbott's grey gibbon,,,,NA,NA,5.95,6.15,5.75,1.069565217,209,
Hylobates funereus,Hylobates_funereus,funereus,Hylobates,NA,Hylobatinae,Hylobatidae,Hominoidea,Catarrhini,Anthropoidea,Haplorhini,Primates,Eastern grey gibbon,N,N,N,N,N,N,NA,Northern grey gibbon,,,,NA,NA,5.5,5.63,5.37,1.048417132,313,
Hylobates moloch,Hylobates_moloch,moloch,Hylobates,NA,Hylobatinae,Hylobatidae,Hominoidea,Catarrhini,Anthropoidea,Haplorhini,Primates,Silvery gibbon,N,N,N,N,N,Y,CO,Javan gibbon,6415,93.46923077,1.973474576,"Grabowski, M., Voje, K. L., & Hansen, T. F. (2016). Evolutionary modeling and correcting for observation error support a 3/5 brain-body allometry for primates. Journal of human evolution, 94, 106-116.","Grabowski, M., Voje, K. L., & Hansen, T. F. (2016). Evolutionary modeling and correcting for observation error support a 3/5 brain-body allometry for primates. Journal of human evolution, 94, 106-116.",6.42,6.58,6.25,1.0528,313,
Hylobates pileatus,Hylobates_pileatus,pileatus,Hylobates,NA,Hylobatinae,Hylobatidae,Hominoidea,Catarrhini,Anthropoidea,Haplorhini,Primates,Pileated gibbon,N,N,N,N,N,Y,CO,NA,5470,84.69,1.967526546,"Grabowski, M., Voje, K. L., & Hansen, T. F. (2016). Evolutionary modeling and correcting for observation error support a 3/5 brain-body allometry for primates. Journal of human evolution, 94, 106-116.","Grabowski, M., Voje, K. L., & Hansen, T. F. (2016). Evolutionary modeling and correcting for observation error support a 3/5 brain-body allometry for primates. Journal of human evolution, 94, 106-116.",5.47,5.5,5.44,1.011029412,313,
Hylobates klossii,Hylobates_klossii,klossii,Hylobates,NA,Hylobatinae,Hylobatidae,Hominoidea,Catarrhini,Anthropoidea,Haplorhini,Primates,Kloss's gibbon,N,N,N,N,N,Y,NA,"Mentawai gibbon, Bilou siamang, dwarf siamang",5795,87.99,1.974613569,"Grabowski, M., Voje, K. L., & Hansen, T. F. (2016). Evolutionary modeling and correcting for observation error support a 3/5 brain-body allometry for primates. Journal of human evolution, 94, 106-116.","Grabowski, M., Voje, K. L., & Hansen, T. F. (2016). Evolutionary modeling and correcting for observation error support a 3/5 brain-body allometry for primates. Journal of human evolution, 94, 106-116.",5.8,5.67,5.92,0.95777027,210,
Hoolock hoolock,Hoolock_hoolock,hoolock,Hoolock,NA,Hylobatinae,Hylobatidae,Hominoidea,Catarrhini,Anthropoidea,Haplorhini,Primates,Western hoolock gibbon,N,Y,Y,N,N,N,NA,Bunopithecus,,,,NA,NA,6.88,6.87,6.88,0.998546512,313,0.066
Hoolock leuconedys,Hoolock_leuconedys,leuconedys,Hoolock,NA,Hylobatinae,Hylobatidae,Hominoidea,Catarrhini,Anthropoidea,Haplorhini,Primates,Eastern hoolock gibbon,N,Y,Y,Y,N,Y,CO,Bunopithecus,,,,NA,NA,7.2,NA,NA,,809,
Hoolock tianxing,Hoolock_tianxing,tianxing,Hoolock,NA,Hylobatinae,Hylobatidae,Hominoidea,Catarrhini,Anthropoidea,Haplorhini,Primates,Skywalker hoolock gibbon,N,N,N,N,N,N,NA,Gaoligong hoolock gibbon,,,,NA,NA,NA,NA,NA,,NA,
Nomascus concolor,Nomascus_concolor,concolor,Nomascus,NA,Hylobatinae,Hylobatidae,Hominoidea,Catarrhini,Anthropoidea,Haplorhini,Primates,Black crested gibbon,N,N,N,Y,N,N,NA,NA,6500,125.6714286,2.632506193,"Grabowski, M., Voje, K. L., & Hansen, T. F. (2016). Evolutionary modeling and correcting for observation error support a 3/5 brain-body allometry for primates. Journal of human evolution, 94, 106-116.","Grabowski, M., Voje, K. L., & Hansen, T. F. (2016). Evolutionary modeling and correcting for observation error support a 3/5 brain-body allometry for primates. Journal of human evolution, 94, 106-116.",7.69,7.77,7.62,1.019685039,313,0.095
Nomascus nasutus,Nomascus_nasutus,nasutus,Nomascus,NA,Hylobatinae,Hylobatidae,Hominoidea,Catarrhini,Anthropoidea,Haplorhini,Primates,Eastern black crested gibbon,N,N,N,N,N,N,NA,Caovit black crested gibbon,,,,NA,NA,NA,NA,NA,,NA,
Nomascus hainanus,Nomascus_hainanus,hainanus,Nomascus,NA,Hylobatinae,Hylobatidae,Hominoidea,Catarrhini,Anthropoidea,Haplorhini,Primates,Hainan black crested gibbon,Y,N,Y,N,N,N,NA,Hainan gibbon,,,,NA,NA,6.59,6.61,6.563,1.007161359,240,
Nomascus leucogenys,Nomascus_leucogenys,leucogenys,Nomascus,NA,Hylobatinae,Hylobatidae,Hominoidea,Catarrhini,Anthropoidea,Haplorhini,Primates,Northern white-cheeked gibbon,N,N,N,N,N,Y,CO,NA,6520,121.9666667,2.550195417,"Grabowski, M., Voje, K. L., & Hansen, T. F. (2016). Evolutionary modeling and correcting for observation error support a 3/5 brain-body allometry for primates. Journal of human evolution, 94, 106-116.","Grabowski, M., Voje, K. L., & Hansen, T. F. (2016). Evolutionary modeling and correcting for observation error support a 3/5 brain-body allometry for primates. Journal of human evolution, 94, 106-116.",6.5,6.4,6.6,0.96969697,834,
Nomascus siki,Nomascus_siki,siki,Nomascus,NA,Hylobatinae,Hylobatidae,Hominoidea,Catarrhini,Anthropoidea,Haplorhini,Primates,Southern white-cheeked gibbon,N,N,N,N,N,N,NA,NA,,,,NA,NA,7.25,6.6,7.9,0.835443038,1082,
Nomascus gabriellae,Nomascus_gabriellae,gabriellae,Nomascus,NA,Hylobatinae,Hylobatidae,Hominoidea,Catarrhini,Anthropoidea,Haplorhini,Primates,Yellow-cheeked gibbon,N,N,N,N,N,Y,CO,"Golden-cheeked gibbon, red-cheeked gibbon, buffed-cheeked gibbon",7365,119.38,2.32011113,"Grabowski, M., Voje, K. L., & Hansen, T. F. (2016). Evolutionary modeling and correcting for observation error support a 3/5 brain-body allometry for primates. Journal of human evolution, 94, 106-116.","Grabowski, M., Voje, K. L., & Hansen, T. F. (2016). Evolutionary modeling and correcting for observation error support a 3/5 brain-body allometry for primates. Journal of human evolution, 94, 106-116.",5.2,NA,5.2,,1082,
Nomascus annamensis,Nomascus_annamensis,annamensis,Nomascus,NA,Hylobatinae,Hylobatidae,Hominoidea,Catarrhini,Anthropoidea,Haplorhini,Primates,Northern buffed-cheeked gibbon,N,N,N,N,N,N,NA,NA,,,,NA,NA,7,7,NA,,1082,
Symphalangus syndactylus,Symphalangus_syndactylus,syndactylus,Symphalangus,NA,Hylobatinae,Hylobatidae,Hominoidea,Catarrhini,Anthropoidea,Haplorhini,Primates,Siamang,N,N,N,N,N,Y,CO,NA,11295,123.5,1.857017858,"Powell, L. E., Isler, K., & Barton, R. A. (2017). Re-evaluating the link between brain size and behavioural ecology in primates. Proc. R. Soc. B, 284(1865), 20171765.","Powell, L. E., Isler, K., & Barton, R. A. (2017). Re-evaluating the link between brain size and behavioural ecology in primates. Proc. R. Soc. B, 284(1865), 20171765.",11.3,11.9,10.7,1.112149533,332,0.124
Allenopithecus nigroviridis,Allenopithecus_nigroviridis,nigroviridis,Allenopithecus,Cercopithecini,Cercopithecinae,Cercopithecidae,Cercopithecoidea,Catarrhini,Anthropoidea,Haplorhini,Primates,Allen's swamp monkey,N,Y,Y,Y,N,N,NA,NA,4655,58.02,1.485,"Grabowski, M., Voje, K. L., & Hansen, T. F. (2016). Evolutionary modeling and correcting for observation error support a 3/5 brain-body allometry for primates. Journal of human evolution, 94, 106-116.","Grabowski, M., Voje, K. L., & Hansen, T. F. (2016). Evolutionary modeling and correcting for observation error support a 3/5 brain-body allometry for primates. Journal of human evolution, 94, 106-116.",4.65,6.13,3.18,1.927672956,210,
Miopithecus talapoin,Miopithecus_talapoin,talapoin,Miopithecus,Cercopithecini,Cercopithecinae,Cercopithecidae,Cercopithecoidea,Catarrhini,Anthropoidea,Haplorhini,Primates,Angolan talapoin,N,N,N,Y,N,N,IP,Southern talapoin,1499.223753,37.78,1.90819584,"Faurby, S., & Svenning, J. C. (2016). Resurrection of the island rule: human-driven extinctions have obscured a basic evolutionary pattern. The American Naturalist, 187(6), 812-820.","Powell, L. E., Isler, K., & Barton, R. A. (2017). Re-evaluating the link between brain size and behavioural ecology in primates. Proc. R. Soc. B, 284(1865), 20171765.",1.25,1.38,1.12,1.232142857,298,0.331
Miopithecus ogouensis,Miopithecus_ogouensis,ogouensis,Miopithecus,Cercopithecini,Cercopithecinae,Cercopithecidae,Cercopithecoidea,Catarrhini,Anthropoidea,Haplorhini,Primates,Gabon talapoin,N,N,N,N,N,N,NA,Northern talapoin,1750,37.35,1.719288034,"Grabowski, M., Voje, K. L., & Hansen, T. F. (2016). Evolutionary modeling and correcting for observation error support a 3/5 brain-body allometry for primates. Journal of human evolution, 94, 106-116.","Grabowski, M., Voje, K. L., & Hansen, T. F. (2016). Evolutionary modeling and correcting for observation error support a 3/5 brain-body allometry for primates. Journal of human evolution, 94, 106-116.",1.25,1.4,1.1,1.272727273,1131,
Erythrocebus poliophaeus,Erythrocebus_poliophaeus,poliophaeus,Erythrocebus,Cercopithecini,Cercopithecinae,Cercopithecidae,Cercopithecoidea,Catarrhini,Anthropoidea,Haplorhini,Primates,Blue nile patas monkey,N,N,N,N,N,N,NA,Heuglin's patas monkey,,,,NA,NA,NA,NA,NA,,NA,
Erythrocebus patas,Erythrocebus_patas,patas,Erythrocebus,Cercopithecini,Cercopithecinae,Cercopithecidae,Cercopithecoidea,Catarrhini,Anthropoidea,Haplorhini,Primates,Common patas monkey,N,Y,Y,Y,N,Y,NA,Hussar monkey,9450,97.73,1.635496719,"Grabowski, M., Voje, K. L., & Hansen, T. F. (2016). Evolutionary modeling and correcting for observation error support a 3/5 brain-body allometry for primates. Journal of human evolution, 94, 106-116.","Grabowski, M., Voje, K. L., & Hansen, T. F. (2016). Evolutionary modeling and correcting for observation error support a 3/5 brain-body allometry for primates. Journal of human evolution, 94, 106-116.",9.45,12.4,6.5,1.907692308,210,0.504
Erythrocebus baumstarki,Erythrocebus_baumstarki,baumstarki,Erythrocebus,Cercopithecini,Cercopithecinae,Cercopithecidae,Cercopithecoidea,Catarrhini,Anthropoidea,Haplorhini,Primates,Southern patas monkey,N,N,N,N,N,N,NA,NA,,,,NA,NA,,,,,NA,
Chlorocebus aethiops,Chlorocebus_aethiops,aethiops,Chlorocebus,Cercopithecini,Cercopithecinae,Cercopithecidae,Cercopithecoidea,Catarrhini,Anthropoidea,Haplorhini,Primates,Grivet,Y,Y,Y,Y,Y,Y,"CO, IP",NA,3720,65,1.903130005,"Powell, L. E., Isler, K., & Barton, R. A. (2017). Re-evaluating the link between brain size and behavioural ecology in primates. Proc. R. Soc. B, 284(1865), 20171765.","Powell, L. E., Isler, K., & Barton, R. A. (2017). Re-evaluating the link between brain size and behavioural ecology in primates. Proc. R. Soc. B, 284(1865), 20171765.",4.65,5.77,3.53,1.634560907,300,0.381
Chlorocebus cynosuros,Chlorocebus_cynosuros,cynosuros,Chlorocebus,Cercopithecini,Cercopithecinae,Cercopithecidae,Cercopithecoidea,Catarrhini,Anthropoidea,Haplorhini,Primates,Malbrouck,N,N,N,N,N,N,NA,NA,,,,NA,NA,3.98,4.75,3.2,1.484375,594,
Chlorocebus djamdjamensis,Chlorocebus_djamdjamensis,djamdjamensis,Chlorocebus,Cercopithecini,Cercopithecinae,Cercopithecidae,Cercopithecoidea,Catarrhini,Anthropoidea,Haplorhini,Primates,Bale mountains vervet,N,N,N,N,N,N,NA,Bale mountains grivet,,,,NA,NA,3.98,4.75,3.2,1.484375,597,
Chlorocebus pygerythrus,Chlorocebus_pygerythrus,pygerythrus,Chlorocebus,Cercopithecini,Cercopithecinae,Cercopithecidae,Cercopithecoidea,Catarrhini,Anthropoidea,Haplorhini,Primates,Vervet monkey,N,N,N,Y,N,Y,IP,NA,4324,62.58,1.674113935,"Grabowski, M., Voje, K. L., & Hansen, T. F. (2016). Evolutionary modeling and correcting for observation error support a 3/5 brain-body allometry for primates. Journal of human evolution, 94, 106-116.","Grabowski, M., Voje, K. L., & Hansen, T. F. (2016). Evolutionary modeling and correcting for observation error support a 3/5 brain-body allometry for primates. Journal of human evolution, 94, 106-116.",3.63,4.28,2.98,1.436241611,278,
Chlorocebus sabaeus,Chlorocebus_sabaeus,sabaeus,Chlorocebus,Cercopithecini,Cercopithecinae,Cercopithecidae,Cercopithecoidea,Catarrhini,Anthropoidea,Haplorhini,Primates,Green monkey,N,Y,Y,Y,N,N,IP,Sabaeus monkey,4312,64.91,1.739342951,"Grabowski, M., Voje, K. L., & Hansen, T. F. (2016). Evolutionary modeling and correcting for observation error support a 3/5 brain-body allometry for primates. Journal of human evolution, 94, 106-116.","Grabowski, M., Voje, K. L., & Hansen, T. F. (2016). Evolutionary modeling and correcting for observation error support a 3/5 brain-body allometry for primates. Journal of human evolution, 94, 106-116.",4.3,5.3,3.3,1.606060606,301,
Chlorocebus tantalus,Chlorocebus_tantalus,tantalus,Chlorocebus,Cercopithecini,Cercopithecinae,Cercopithecidae,Cercopithecoidea,Catarrhini,Anthropoidea,Haplorhini,Primates,Tantalus monkey,N,N,N,N,N,N,IP,NA,4650,70,1.792697991,"Faurby, S., & Svenning, J. C. (2016). Resurrection of the island rule: human-driven extinctions have obscured a basic evolutionary pattern. The American Naturalist, 187(6), 812-820.","Powell, L. E., Isler, K., & Barton, R. A. (2017). Re-evaluating the link between brain size and behavioural ecology in primates. Proc. R. Soc. B, 284(1865), 20171765.",4.65,5.5,3.95,1.392405063,597,
Cercopithecus ascanius,Cercopithecus_ascanius,ascanius,Cercopithecus,Cercopithecini,Cercopithecinae,Cercopithecidae,Cercopithecoidea,Catarrhini,Anthropoidea,Haplorhini,Primates,Red-tailed monkey,Y,N,Y,Y,N,Y,IP,"Black-cheeked white-nosed monkey, red-tailed guenon, redtail monkey, Schmidt's guenon",3714,59.58,1.746128588,"Grabowski, M., Voje, K. L., & Hansen, T. F. (2016). Evolutionary modeling and correcting for observation error support a 3/5 brain-body allometry for primates. Journal of human evolution, 94, 106-116.","Grabowski, M., Voje, K. L., & Hansen, T. F. (2016). Evolutionary modeling and correcting for observation error support a 3/5 brain-body allometry for primates. Journal of human evolution, 94, 106-116.",3.24,3.69,2.79,1.322580645,297,0.286
Cercopithecus campbelli,Cercopithecus_campbelli,campbelli,Cercopithecus,Cercopithecini,Cercopithecinae,Cercopithecidae,Cercopithecoidea,Catarrhini,Anthropoidea,Haplorhini,Primates,Campbell's mona monkey,N,Y,Y,Y,N,N,IP,NA,3600,57.39,1.713703122,"Faurby, S., & Svenning, J. C. (2016). Resurrection of the island rule: human-driven extinctions have obscured a basic evolutionary pattern. The American Naturalist, 187(6), 812-820.","Powell, L. E., Isler, K., & Barton, R. A. (2017). Re-evaluating the link between brain size and behavioural ecology in primates. Proc. R. Soc. B, 284(1865), 20171765.",3.6,4.5,2.7,1.666666667,210,
Cercopithecus cephus,Cercopithecus_cephus,cephus,Cercopithecus,Cercopithecini,Cercopithecinae,Cercopithecidae,Cercopithecoidea,Catarrhini,Anthropoidea,Haplorhini,Primates,Moustached guenon,N,Y,Y,Y,N,N,IP,Moustached monkey,3585,65.26,1.953594559,"Grabowski, M., Voje, K. L., & Hansen, T. F. (2016). Evolutionary modeling and correcting for observation error support a 3/5 brain-body allometry for primates. Journal of human evolution, 94, 106-116.","Grabowski, M., Voje, K. L., & Hansen, T. F. (2016). Evolutionary modeling and correcting for observation error support a 3/5 brain-body allometry for primates. Journal of human evolution, 94, 106-116.",3.48,4.09,2.88,1.420138889,298,0.363
Cercopithecus denti,Cercopithecus_denti,denti,Cercopithecus,Cercopithecini,Cercopithecinae,Cercopithecidae,Cercopithecoidea,Catarrhini,Anthropoidea,Haplorhini,Primates,Dent's mona monkey,N,N,N,N,N,N,NA,NA,3415,67.035,2.066084371,"Faurby, S., & Svenning, J. C. (2016). Resurrection of the island rule: human-driven extinctions have obscured a basic evolutionary pattern. The American Naturalist, 187(6), 812-820.","Powell, L. E., Isler, K., & Barton, R. A. (2017). Re-evaluating the link between brain size and behavioural ecology in primates. Proc. R. Soc. B, 284(1865), 20171765.",3.54,4.25,2.83,1.501766784,297,
Cercopithecus diana,Cercopithecus_diana,diana,Cercopithecus,Cercopithecini,Cercopithecinae,Cercopithecidae,Cercopithecoidea,Catarrhini,Anthropoidea,Haplorhini,Primates,Diana monkey,N,Y,Y,Y,N,N,IP,NA,4550,62.61,1.62449257,"Grabowski, M., Voje, K. L., & Hansen, T. F. (2016). Evolutionary modeling and correcting for observation error support a 3/5 brain-body allometry for primates. Journal of human evolution, 94, 106-116.","Grabowski, M., Voje, K. L., & Hansen, T. F. (2016). Evolutionary modeling and correcting for observation error support a 3/5 brain-body allometry for primates. Journal of human evolution, 94, 106-116.",4.5,5.2,3.9,1.333333333,210,0.32
Cercopithecus dryas,Cercopithecus_dryas,dryas,Cercopithecus,Cercopithecini,Cercopithecinae,Cercopithecidae,Cercopithecoidea,Catarrhini,Anthropoidea,Haplorhini,Primates,Dryas monkey,N,N,N,N,N,N,NA,"Salonga monkey, ekele, inoko",,,,NA,NA,2.65,3,2.3,1.304347826,544,
Cercopithecus erythrogaster,Cercopithecus_erythrogaster,erythrogaster,Cercopithecus,Cercopithecini,Cercopithecinae,Cercopithecidae,Cercopithecoidea,Catarrhini,Anthropoidea,Haplorhini,Primates,White-throated guenon,N,N,N,N,N,N,NA,Red-bellied monkey,2500,67.035,2.491256657,"Grabowski, M., Voje, K. L., & Hansen, T. F. (2016). Evolutionary modeling and correcting for observation error support a 3/5 brain-body allometry for primates. Journal of human evolution, 94, 106-116.","Grabowski, M., Voje, K. L., & Hansen, T. F. (2016). Evolutionary modeling and correcting for observation error support a 3/5 brain-body allometry for primates. Journal of human evolution, 94, 106-116.",3.5,4,3,1.333333333,546,
Cercopithecus erythrotis,Cercopithecus_erythrotis,erythrotis,Cercopithecus,Cercopithecini,Cercopithecinae,Cercopithecidae,Cercopithecoidea,Catarrhini,Anthropoidea,Haplorhini,Primates,Red-eared guenon,N,N,N,N,N,N,IP,Russet-eared guenon,3918.333,67.035,1.902486888,"Grabowski, M., Voje, K. L., & Hansen, T. F. (2016). Evolutionary modeling and correcting for observation error support a 3/5 brain-body allometry for primates. Journal of human evolution, 94, 106-116.","Grabowski, M., Voje, K. L., & Hansen, T. F. (2016). Evolutionary modeling and correcting for observation error support a 3/5 brain-body allometry for primates. Journal of human evolution, 94, 106-116.",3.4,3.7,3.1,1.193548387,548,
Cercopithecus hamlyni,Cercopithecus_hamlyni,hamlyni,Cercopithecus,Cercopithecini,Cercopithecinae,Cercopithecidae,Cercopithecoidea,Catarrhini,Anthropoidea,Haplorhini,Primates,Hamlyn's monkey,N,Y,Y,N,N,N,NA,Owl-faced monkey,6875,61.86666667,1.253066038,"Grabowski, M., Voje, K. L., & Hansen, T. F. (2016). Evolutionary modeling and correcting for observation error support a 3/5 brain-body allometry for primates. Journal of human evolution, 94, 106-116.","Grabowski, M., Voje, K. L., & Hansen, T. F. (2016). Evolutionary modeling and correcting for observation error support a 3/5 brain-body allometry for primates. Journal of human evolution, 94, 106-116.",4.43,5.49,3.36,1.633928571,297,
Cercopithecus mitis,Cercopithecus_mitis,mitis,Cercopithecus,Cercopithecini,Cercopithecinae,Cercopithecidae,Cercopithecoidea,Catarrhini,Anthropoidea,Haplorhini,Primates,Blue monkey,Y,N,Y,Y,N,Y,IP,"Diademed monkey, Samango",6109,71.33,1.55085435,"Fleagle, J. G. (2013). Primate adaptation and evolution. Academic Press.","Beaudet, A., Dumoncel, J., De Beer, F., Duployer, B., Durrleman, S., Gilissen, E., ... & Braga, J. (2016). Morphoarchitectural variation in South African fossil cercopithecoid endocasts. Journal of human evolution, 101, 65-78.",4.89,5.85,3.93,1.488549618,297,0.433
Cercopithecus pogonias,Cercopithecus_pogonias,pogonias,Cercopithecus,Cercopithecini,Cercopithecinae,Cercopithecidae,Cercopithecoidea,Catarrhini,Anthropoidea,Haplorhini,Primates,Crested mona monkey,N,N,N,N,N,Y,IP,"Crowned guenon, golden-bellied monkey",3580,59.56,1.78445556,"Faurby, S., & Svenning, J. C. (2016). Resurrection of the island rule: human-driven extinctions have obscured a basic evolutionary pattern. The American Naturalist, 187(6), 812-820.","Powell, L. E., Isler, K., & Barton, R. A. (2017). Re-evaluating the link between brain size and behavioural ecology in primates. Proc. R. Soc. B, 284(1865), 20171765.",3.58,4.26,2.9,1.468965517,278,0.297
Cercopithecus neglectus,Cercopithecus_neglectus,neglectus,Cercopithecus,Cercopithecini,Cercopithecinae,Cercopithecidae,Cercopithecoidea,Catarrhini,Anthropoidea,Haplorhini,Primates,De Brazza's monkey,N,Y,Y,Y,N,N,NA,NA,5450,65.97,1.535993742,"Grabowski, M., Voje, K. L., & Hansen, T. F. (2016). Evolutionary modeling and correcting for observation error support a 3/5 brain-body allometry for primates. Journal of human evolution, 94, 106-116.","Grabowski, M., Voje, K. L., & Hansen, T. F. (2016). Evolutionary modeling and correcting for observation error support a 3/5 brain-body allometry for primates. Journal of human evolution, 94, 106-116.",5.74,7.35,4.13,1.779661017,278,0.394
Cercopithecus nictitans,Cercopithecus_nictitans,nictitans,Cercopithecus,Cercopithecini,Cercopithecinae,Cercopithecidae,Cercopithecoidea,Catarrhini,Anthropoidea,Haplorhini,Primates,Greater spot-nosed monkey,N,N,N,N,N,N,IP,Putty monkey,5465,71.13,1.653406241,"Faurby, S., & Svenning, J. C. (2016). Resurrection of the island rule: human-driven extinctions have obscured a basic evolutionary pattern. The American Naturalist, 187(6), 812-820.","Steele, J. (1995). CHAPTER EIGHT On predicting hominid group sizes. The archaeology of human ancestry, 400(60.42), 207.",5.46,6.67,4.25,1.569411765,278,0.377
Cercopithecus petaurista,Cercopithecus_petaurista,petaurista,Cercopithecus,Cercopithecini,Cercopithecinae,Cercopithecidae,Cercopithecoidea,Catarrhini,Anthropoidea,Haplorhini,Primates,Lesser spot-nosed monkey,N,N,N,Y,N,Y,"IP, CO","Lesser spot-nosed guenon, lesser white-nosed guenon",3609,55.08,1.64226284,"Faurby, S., & Svenning, J. C. (2016). Resurrection of the island rule: human-driven extinctions have obscured a basic evolutionary pattern. The American Naturalist, 187(6), 812-820.","Steele, J. (1995). CHAPTER EIGHT On predicting hominid group sizes. The archaeology of human ancestry, 400(60.42), 207.",3.65,4.4,2.9,1.517241379,299,
Cercopithecus lomamiensis,Cercopithecus_lomamiensis,lomamiensis,Cercopithecus,Cercopithecini,Cercopithecinae,Cercopithecidae,Cercopithecoidea,Catarrhini,Anthropoidea,Haplorhini,Primates,Lesula,N,N,N,N,N,N,NA,NA,,,,NA,NA,5,5.55,NA,,519,
Cercopithecus lowei,Cercopithecus_lowei,lowei,Cercopithecus,Cercopithecini,Cercopithecinae,Cercopithecidae,Cercopithecoidea,Catarrhini,Anthropoidea,Haplorhini,Primates,Lowe's mona monkey,N,N,N,N,N,Y,CO,NA,,,,NA,NA,3.9,5.2,2.6,2,554,
Cercopithecus mona,Cercopithecus_mona,mona,Cercopithecus,Cercopithecini,Cercopithecinae,Cercopithecidae,Cercopithecoidea,Catarrhini,Anthropoidea,Haplorhini,Primates,Mona monkey,N,N,N,N,N,N,IP,NA,3719,61.84,1.810900704,"Fleagle, J. G. (2013). Primate adaptation and evolution. Academic Press.","Steele, J. (1995). CHAPTER EIGHT On predicting hominid group sizes. The archaeology of human ancestry, 400(60.42), 207.",4.05,5.1,3,1.7,559,0.455
Cercopithecus roloway,Cercopithecus_roloway,roloway,Cercopithecus,Cercopithecini,Cercopithecinae,Cercopithecidae,Cercopithecoidea,Catarrhini,Anthropoidea,Haplorhini,Primates,Roloway monkey,N,N,N,N,N,Y,CO,NA,4400.552056,67.035,1.774508891,"Grabowski, M., Voje, K. L., & Hansen, T. F. (2016). Evolutionary modeling and correcting for observation error support a 3/5 brain-body allometry for primates. Journal of human evolution, 94, 106-116.","Grabowski, M., Voje, K. L., & Hansen, T. F. (2016). Evolutionary modeling and correcting for observation error support a 3/5 brain-body allometry for primates. Journal of human evolution, 94, 106-116.",4.55,5.2,3.9,1.333333333,547,
Cercopithecus sclateri,Cercopithecus_sclateri,sclateri,Cercopithecus,Cercopithecini,Cercopithecinae,Cercopithecidae,Cercopithecoidea,Catarrhini,Anthropoidea,Haplorhini,Primates,Sclater's guenon,N,N,N,N,N,N,NA,"Sclater's monkey, Nigerian monkey",,,,NA,NA,3.25,4,2.5,1.6,325,
Cercopithecus wolfi,Cercopithecus_wolfi,wolfi,Cercopithecus,Cercopithecini,Cercopithecinae,Cercopithecidae,Cercopithecoidea,Catarrhini,Anthropoidea,Haplorhini,Primates,Wolf's mona monkey,N,N,N,N,N,Y,NA,Wolf's guenon,3390,61.45,1.902317188,"Grabowski, M., Voje, K. L., & Hansen, T. F. (2016). Evolutionary modeling and correcting for observation error support a 3/5 brain-body allometry for primates. Journal of human evolution, 94, 106-116.","Grabowski, M., Voje, K. L., & Hansen, T. F. (2016). Evolutionary modeling and correcting for observation error support a 3/5 brain-body allometry for primates. Journal of human evolution, 94, 106-116.",3.34,3.8,2.88,1.319444444,297,0.47
Allochrocebus lhoesti,Allochrocebus_lhoesti,lhoesti,Allochrocebus,Cercopithecini,Cercopithecinae,Cercopithecidae,Cercopithecoidea,Catarrhini,Anthropoidea,Haplorhini,Primates,L'Hoest's monkey,N,Y,Y,Y,N,N,NA,Mountain monkey,,,,NA,NA,5,7,3,2.333333333,155,0.477
Allochrocebus preussi,Allochrocebus_preussi,preussi,Allochrocebus,Cercopithecini,Cercopithecinae,Cercopithecidae,Cercopithecoidea,Catarrhini,Anthropoidea,Haplorhini,Primates,Preuss's monkey,N,N,N,N,N,N,IP,NA,,,,NA,NA,3.8,4.7,2.9,1.620689655,333,0.429
Allochrocebus solatus,Allochrocebus_solatus,solatus,Allochrocebus,Cercopithecini,Cercopithecinae,Cercopithecidae,Cercopithecoidea,Catarrhini,Anthropoidea,Haplorhini,Primates,Sun-tailed monkey,N,N,N,N,N,N,NA,NA,,,,NA,NA,5.4,6.89,3.92,1.757653061,326,
Macaca sylvanus,Macaca_sylvanus,sylvanus,Macaca,Papionini,Cercopithecinae,Cercopithecidae,Cercopithecoidea,Catarrhini,Anthropoidea,Haplorhini,Primates,Barbary macaque,Y,N,Y,Y,N,Y,IP,Barbary ape,12078,93.2,1.346169544,"Faurby, S., & Svenning, J. C. (2016). Resurrection of the island rule: human-driven extinctions have obscured a basic evolutionary pattern. The American Naturalist, 187(6), 812-820.","Powell, L. E., Isler, K., & Barton, R. A. (2017). Re-evaluating the link between brain size and behavioural ecology in primates. Proc. R. Soc. B, 284(1865), 20171765.",13.5,16,11,1.454545455,329,
Macaca silenus,Macaca_silenus,silenus,Macaca,Papionini,Cercopithecinae,Cercopithecidae,Cercopithecoidea,Catarrhini,Anthropoidea,Haplorhini,Primates,Lion-tailed macaque,Y,Y,Y,Y,Y,Y,CO,Wanderoo,4750,78,1.972237901,"Faurby, S., & Svenning, J. C. (2016). Resurrection of the island rule: human-driven extinctions have obscured a basic evolutionary pattern. The American Naturalist, 187(6), 812-820.","Steele, J. (1995). CHAPTER EIGHT On predicting hominid group sizes. The archaeology of human ancestry, 400(60.42), 207.",7.5,8.9,6.1,1.459016393,1128,
Macaca mulatta,Macaca_mulatta,mulatta,Macaca,Papionini,Cercopithecinae,Cercopithecidae,Cercopithecoidea,Catarrhini,Anthropoidea,Haplorhini,Primates,Rhesus macaque,N,Y,Y,Y,Y,Y,IP,NA,6793,88.98,1.815249377,"Faurby, S., & Svenning, J. C. (2016). Resurrection of the island rule: human-driven extinctions have obscured a basic evolutionary pattern. The American Naturalist, 187(6), 812-820.","Steele, J. (1995). CHAPTER EIGHT On predicting hominid group sizes. The archaeology of human ancestry, 400(60.42), 207.",5.96,6.99,4.94,1.414979757,303,0.463
Macaca fuscata,Macaca_fuscata,fuscata,Macaca,Papionini,Cercopithecinae,Cercopithecidae,Cercopithecoidea,Catarrhini,Anthropoidea,Haplorhini,Primates,Japanese macaque,Y,Y,Y,Y,N,Y,IP,Snow monkey,9515,102.92,1.71528135,"Grabowski, M., Voje, K. L., & Hansen, T. F. (2016). Evolutionary modeling and correcting for observation error support a 3/5 brain-body allometry for primates. Journal of human evolution, 94, 106-116.","Grabowski, M., Voje, K. L., & Hansen, T. F. (2016). Evolutionary modeling and correcting for observation error support a 3/5 brain-body allometry for primates. Journal of human evolution, 94, 106-116.",9.5,10.97,8.03,1.366127024,210,0.447
Macaca fascicularis,Macaca_fascicularis,fascicularis,Macaca,Papionini,Cercopithecinae,Cercopithecidae,Cercopithecoidea,Catarrhini,Anthropoidea,Haplorhini,Primates,Crab-eating macaque,Y,Y,Y,Y,Y,Y,"CO, IP",Long-tailed macaque,4251,63.98,1.729141111,"Gómez, J. M., & Verdú, M. (2012). Mutualism with plants drives primate diversification. Systematic biology, syr127.","Hogg, R. T., Godfrey, L. R., Schwartz, G. T., Dirks, W., & Bromage, T. G. (2015). Lemur biorhythms and life history evolution. PLoS One, 10(8), e0134210.",4.03,4.85,3.22,1.50621118,278,0.493
Macaca assamensis,Macaca_assamensis,assamensis,Macaca,Papionini,Cercopithecinae,Cercopithecidae,Cercopithecoidea,Catarrhini,Anthropoidea,Haplorhini,Primates,Assam macaque,N,N,N,Y,N,Y,IP,Assamese macaque,12000,89.09960459,1.291956504,"Grabowski, M., Voje, K. L., & Hansen, T. F. (2016). Evolutionary modeling and correcting for observation error support a 3/5 brain-body allometry for primates. Journal of human evolution, 94, 106-116.","Grabowski, M., Voje, K. L., & Hansen, T. F. (2016). Evolutionary modeling and correcting for observation error support a 3/5 brain-body allometry for primates. Journal of human evolution, 94, 106-116.",9,11.3,6.7,1.686567164,302,
Macaca arctoides,Macaca_arctoides,arctoides,Macaca,Papionini,Cercopithecinae,Cercopithecidae,Cercopithecoidea,Catarrhini,Anthropoidea,Haplorhini,Primates,Stump-tailed macaque,N,N,N,N,N,Y,IP,Bear macaque,10300,100.7,1.600324298,"Grabowski, M., Voje, K. L., & Hansen, T. F. (2016). Evolutionary modeling and correcting for observation error support a 3/5 brain-body allometry for primates. Journal of human evolution, 94, 106-116.","Grabowski, M., Voje, K. L., & Hansen, T. F. (2016). Evolutionary modeling and correcting for observation error support a 3/5 brain-body allometry for primates. Journal of human evolution, 94, 106-116.",10.3,12.2,8.4,1.452380952,327,
Macaca thibetana,Macaca_thibetana,thibetana,Macaca,Papionini,Cercopithecinae,Cercopithecidae,Cercopithecoidea,Catarrhini,Anthropoidea,Haplorhini,Primates,Tibetan macaque,N,N,N,N,N,Y,NA,"Chinese stump-tailed macaque, Milne-Edwards' macaque",12000,108.9,1.579064957,"Grabowski, M., Voje, K. L., & Hansen, T. F. (2016). Evolutionary modeling and correcting for observation error support a 3/5 brain-body allometry for primates. Journal of human evolution, 94, 106-116.","Grabowski, M., Voje, K. L., & Hansen, T. F. (2016). Evolutionary modeling and correcting for observation error support a 3/5 brain-body allometry for primates. Journal of human evolution, 94, 106-116.",15.55,18.3,12.8,1.4296875,210,
Macaca cyclopis,Macaca_cyclopis,cyclopis,Macaca,Papionini,Cercopithecinae,Cercopithecidae,Cercopithecoidea,Catarrhini,Anthropoidea,Haplorhini,Primates,Formosan rock macaque,N,Y,Y,N,N,Y,IP,"Taiwanese macaque, Formosan macaque",6000,76.1,1.672533288,"Grabowski, M., Voje, K. L., & Hansen, T. F. (2016). Evolutionary modeling and correcting for observation error support a 3/5 brain-body allometry for primates. Journal of human evolution, 94, 106-116.","Grabowski, M., Voje, K. L., & Hansen, T. F. (2016). Evolutionary modeling and correcting for observation error support a 3/5 brain-body allometry for primates. Journal of human evolution, 94, 106-116.",5.47,6,4.94,1.214574899,210,
Macaca radiata,Macaca_radiata,radiata,Macaca,Papionini,Cercopithecinae,Cercopithecidae,Cercopithecoidea,Catarrhini,Anthropoidea,Haplorhini,Primates,Bonnet macaque,Y,N,Y,Y,N,Y,IP,Zati,5084,74.87,1.817462135,"Faurby, S., & Svenning, J. C. (2016). Resurrection of the island rule: human-driven extinctions have obscured a basic evolutionary pattern. The American Naturalist, 187(6), 812-820.","Powell, L. E., Isler, K., & Barton, R. A. (2017). Re-evaluating the link between brain size and behavioural ecology in primates. Proc. R. Soc. B, 284(1865), 20171765.",5.14,6.6,3.69,1.788617886,278,
Macaca sinica,Macaca_sinica,sinica,Macaca,Papionini,Cercopithecinae,Cercopithecidae,Cercopithecoidea,Catarrhini,Anthropoidea,Haplorhini,Primates,Toque macaque,N,N,N,Y,N,Y,NA,NA,3590,60.4,1.806596369,"Grabowski, M., Voje, K. L., & Hansen, T. F. (2016). Evolutionary modeling and correcting for observation error support a 3/5 brain-body allometry for primates. Journal of human evolution, 94, 106-116.","Grabowski, M., Voje, K. L., & Hansen, T. F. (2016). Evolutionary modeling and correcting for observation error support a 3/5 brain-body allometry for primates. Journal of human evolution, 94, 106-116.",4.48,5.66,3.3,1.715151515,305,0.42
Macaca maura,Macaca_maura,maura,Macaca,Papionini,Cercopithecinae,Cercopithecidae,Cercopithecoidea,Catarrhini,Anthropoidea,Haplorhini,Primates,Moor macaque,N,N,N,N,N,Y,IP,NA,7300,87.36666667,1.706997613,"Grabowski, M., Voje, K. L., & Hansen, T. F. (2016). Evolutionary modeling and correcting for observation error support a 3/5 brain-body allometry for primates. Journal of human evolution, 94, 106-116.","Grabowski, M., Voje, K. L., & Hansen, T. F. (2016). Evolutionary modeling and correcting for observation error support a 3/5 brain-body allometry for primates. Journal of human evolution, 94, 106-116.",7.88,9.72,6.05,1.60661157,210,
Macaca tonkeana,Macaca_tonkeana,tonkeana,Macaca,Papionini,Cercopithecinae,Cercopithecidae,Cercopithecoidea,Catarrhini,Anthropoidea,Haplorhini,Primates,Tonkean macaque,Y,Y,Y,N,N,Y,NA,NA,9000,93.79090909,1.616203725,"Faurby, S., & Svenning, J. C. (2016). Resurrection of the island rule: human-driven extinctions have obscured a basic evolutionary pattern. The American Naturalist, 187(6), 812-820.","Steele, J. (1995). CHAPTER EIGHT On predicting hominid group sizes. The archaeology of human ancestry, 400(60.42), 207.",11.95,14.9,9,1.655555556,330,0.397
Macaca nigra,Macaca_nigra,nigra,Macaca,Papionini,Cercopithecinae,Cercopithecidae,Cercopithecoidea,Catarrhini,Anthropoidea,Haplorhini,Primates,Celebes crested macaque,N,Y,Y,Y,Y,Y,NA,Sulawesi crested macaque,7680,94.9,1.79858242,"Fleagle, J. G. (2013). Primate adaptation and evolution. Academic Press.","Steele, J. (1995). CHAPTER EIGHT On predicting hominid group sizes. The archaeology of human ancestry, 400(60.42), 207.",7.68,9.89,5.47,1.808043876,210,0.576
Macaca pagensis,Macaca_pagensis,pagensis,Macaca,Papionini,Cercopithecinae,Cercopithecidae,Cercopithecoidea,Catarrhini,Anthropoidea,Haplorhini,Primates,Pagai island macaque,N,N,N,N,N,N,NA,Bokkoi,6280,87.896,1.879637881,"Grabowski, M., Voje, K. L., & Hansen, T. F. (2016). Evolutionary modeling and correcting for observation error support a 3/5 brain-body allometry for primates. Journal of human evolution, 94, 106-116.","Grabowski, M., Voje, K. L., & Hansen, T. F. (2016). Evolutionary modeling and correcting for observation error support a 3/5 brain-body allometry for primates. Journal of human evolution, 94, 106-116.",6.38,7.5,5.25,1.428571429,915,
Macaca siberu,Macaca_siberu,siberu,Macaca,Papionini,Cercopithecinae,Cercopithecidae,Cercopithecoidea,Catarrhini,Anthropoidea,Haplorhini,Primates,Siberut macaque,N,N,N,N,N,Y,NA,NA,,,,NA,NA,6.38,7.5,5.25,1.428571429,915,
Macaca nemestrina,Macaca_nemestrina,nemestrina,Macaca,Papionini,Cercopithecinae,Cercopithecidae,Cercopithecoidea,Catarrhini,Anthropoidea,Haplorhini,Primates,Southern pig-tailed macaque,N,Y,Y,Y,N,Y,NA,Sundaland pig-tailed macaque,8821,105.59,1.841590052,"Grabowski, M., Voje, K. L., & Hansen, T. F. (2016). Evolutionary modeling and correcting for observation error support a 3/5 brain-body allometry for primates. Journal of human evolution, 94, 106-116.","Grabowski, M., Voje, K. L., & Hansen, T. F. (2016). Evolutionary modeling and correcting for observation error support a 3/5 brain-body allometry for primates. Journal of human evolution, 94, 106-116.",8.89,11.2,6.59,1.699544765,278,0.554
Macaca leonina,Macaca_leonina,leonina,Macaca,Papionini,Cercopithecinae,Cercopithecidae,Cercopithecoidea,Catarrhini,Anthropoidea,Haplorhini,Primates,Northern pig-tailed macaque,N,N,N,Y,Y,Y,"CO, IP",NA,5642,85.6,1.952067268,"Grabowski, M., Voje, K. L., & Hansen, T. F. (2016). Evolutionary modeling and correcting for observation error support a 3/5 brain-body allometry for primates. Journal of human evolution, 94, 106-116.","Grabowski, M., Voje, K. L., & Hansen, T. F. (2016). Evolutionary modeling and correcting for observation error support a 3/5 brain-body allometry for primates. Journal of human evolution, 94, 106-116.",6.7,8.48,4.93,1.720081136,304,
Macaca munzala,Macaca_munzala,munzala,Macaca,Papionini,Cercopithecinae,Cercopithecidae,Cercopithecoidea,Catarrhini,Anthropoidea,Haplorhini,Primates,Arunachal macaque,N,N,N,N,N,N,NA,NA,15000,87.896,1.114795533,"Grabowski, M., Voje, K. L., & Hansen, T. F. (2016). Evolutionary modeling and correcting for observation error support a 3/5 brain-body allometry for primates. Journal of human evolution, 94, 106-116.","Grabowski, M., Voje, K. L., & Hansen, T. F. (2016). Evolutionary modeling and correcting for observation error support a 3/5 brain-body allometry for primates. Journal of human evolution, 94, 106-116.",15,15,NA,,235,
Macaca ochreata,Macaca_ochreata,ochreata,Macaca,Papionini,Cercopithecinae,Cercopithecidae,Cercopithecoidea,Catarrhini,Anthropoidea,Haplorhini,Primates,Booted macaque,N,N,N,N,N,N,NA,NA,2600,87.896,3.190553022,"Faurby, S., & Svenning, J. C. (2016). Resurrection of the island rule: human-driven extinctions have obscured a basic evolutionary pattern. The American Naturalist, 187(6), 812-820.","Powell, L. E., Isler, K., & Barton, R. A. (2017). Re-evaluating the link between brain size and behavioural ecology in primates. Proc. R. Soc. B, 284(1865), 20171765.",3.95,5.3,2.6,2.038461538,210,
Macaca hecki,Macaca_hecki,hecki,Macaca,Papionini,Cercopithecinae,Cercopithecidae,Cercopithecoidea,Catarrhini,Anthropoidea,Haplorhini,Primates,Heck's macaque,N,N,N,N,N,N,NA,NA,9000,94.58,1.629801329,"Grabowski, M., Voje, K. L., & Hansen, T. F. (2016). Evolutionary modeling and correcting for observation error support a 3/5 brain-body allometry for primates. Journal of human evolution, 94, 106-116.","Grabowski, M., Voje, K. L., & Hansen, T. F. (2016). Evolutionary modeling and correcting for observation error support a 3/5 brain-body allometry for primates. Journal of human evolution, 94, 106-116.",9,11.2,6.8,1.647058824,328,0.461
Macaca nigrescens,Macaca_nigrescens,nigrescens,Macaca,Papionini,Cercopithecinae,Cercopithecidae,Cercopithecoidea,Catarrhini,Anthropoidea,Haplorhini,Primates,Gorontalo macaque,N,N,N,N,N,N,NA,Dumoga-bone macaque,9500,87.896,1.46627629,"Faurby, S., & Svenning, J. C. (2016). Resurrection of the island rule: human-driven extinctions have obscured a basic evolutionary pattern. The American Naturalist, 187(6), 812-820.","Powell, L. E., Isler, K., & Barton, R. A. (2017). Re-evaluating the link between brain size and behavioural ecology in primates. Proc. R. Soc. B, 284(1865), 20171765.",5.65,5.8,5.5,1.054545455,236,
Macaca leucogenys,Macaca_leucogenys,leucogenys,Macaca,Papionini,Cercopithecinae,Cercopithecidae,Cercopithecoidea,Catarrhini,Anthropoidea,Haplorhini,Primates,White-cheecked macaque,N,N,N,N,N,N,NA,NA,,,,NA,NA,NA,NA,NA,,NA,
Lophocebus aterrimus,Lophocebus_aterrimus,aterrimus,Lophocebus,Papionini,Cercopithecinae,Cercopithecidae,Cercopithecoidea,Catarrhini,Anthropoidea,Haplorhini,Primates,Black crested mangabey,N,N,N,N,N,N,NA,NA,6800,101.59,2.07122117,"Faurby, S., & Svenning, J. C. (2016). Resurrection of the island rule: human-driven extinctions have obscured a basic evolutionary pattern. The American Naturalist, 187(6), 812-820.","Beaudet, A., Dumoncel, J., De Beer, F., Duployer, B., Durrleman, S., Gilissen, E., ... & Braga, J. (2016). Morphoarchitectural variation in South African fossil cercopithecoid endocasts. Journal of human evolution, 101, 65-78.",6.8,7.84,5.76,1.361111111,210,
Lophocebus albigena,Lophocebus_albigena,albigena,Lophocebus,Papionini,Cercopithecinae,Cercopithecidae,Cercopithecoidea,Catarrhini,Anthropoidea,Haplorhini,Primates,Grey-cheeked mangabey,N,N,N,N,N,Y,NA,White-cheeked mangabey,6950,93.97,1.890946352,"Gómez, J. M., & Verdú, M. (2012). Mutualism with plants drives primate diversification. Systematic biology, syr127.","Schoenemann, P. T. (2013). Hominid brain evolution. A companion to paleoanthropology, 136-164.",6.95,7.89,6.01,1.31281198,278,0.387
Rungwecebus kipunji,Rungwecebus_kipunji,kipunji,Rungwecebus,Papionini,Cercopithecinae,Cercopithecidae,Cercopithecoidea,Catarrhini,Anthropoidea,Haplorhini,Primates,Kipunji,N,N,N,N,N,N,NA,Highland mangabey,,,,NA,NA,10,10,NA,,368,
Papio ursinus,Papio_ursinus,ursinus,Papio,Papionini,Cercopithecinae,Cercopithecidae,Cercopithecoidea,Catarrhini,Anthropoidea,Haplorhini,Primates,Chacma baboon,Y,Y,Y,Y,N,Y,IP,Cape baboon,22300,178,1.77958177,"Faurby, S., & Svenning, J. C. (2016). Resurrection of the island rule: human-driven extinctions have obscured a basic evolutionary pattern. The American Naturalist, 187(6), 812-820.","Hogg, R. T., Godfrey, L. R., Schwartz, G. T., Dirks, W., & Bromage, T. G. (2015). Lemur biorhythms and life history evolution. PLoS One, 10(8), e0134210.",22.3,29.8,14.8,2.013513514,210,
Papio papio,Papio_papio,papio,Papio,Papionini,Cercopithecinae,Cercopithecidae,Cercopithecoidea,Catarrhini,Anthropoidea,Haplorhini,Primates,Guinea baboon,N,Y,Y,Y,N,Y,IP,Savanna baboon,15500.20848,155.44,1.933041275,"Faurby, S., & Svenning, J. C. (2016). Resurrection of the island rule: human-driven extinctions have obscured a basic evolutionary pattern. The American Naturalist, 187(6), 812-820.","Powell, L. E., Isler, K., & Barton, R. A. (2017). Re-evaluating the link between brain size and behavioural ecology in primates. Proc. R. Soc. B, 284(1865), 20171765.",17.5,23,12,1.916666667,1133,
Papio hamadryas,Papio_hamadryas,hamadryas,Papio,Papionini,Cercopithecinae,Cercopithecidae,Cercopithecoidea,Catarrhini,Anthropoidea,Haplorhini,Primates,Hamadryas baboon,Y,Y,Y,Y,Y,Y,"CO, IP",NA,14150,146.17,1.919929345,"Grabowski, M., Voje, K. L., & Hansen, T. F. (2016). Evolutionary modeling and correcting for observation error support a 3/5 brain-body allometry for primates. Journal of human evolution, 94, 106-116.","Grabowski, M., Voje, K. L., & Hansen, T. F. (2016). Evolutionary modeling and correcting for observation error support a 3/5 brain-body allometry for primates. Journal of human evolution, 94, 106-116.",13.4,16.9,9.9,1.707070707,308,
Papio kindae,Papio_kindae,kindae,Papio,Papionini,Cercopithecinae,Cercopithecidae,Cercopithecoidea,Catarrhini,Anthropoidea,Haplorhini,Primates,Kinda baboon,N,N,N,N,N,Y,NA,NA,,,,NA,NA,13,16,9.9,1.616161616,1132,
Papio anubis,Papio_anubis,anubis,Papio,Papionini,Cercopithecinae,Cercopithecidae,Cercopithecoidea,Catarrhini,Anthropoidea,Haplorhini,Primates,Olive baboon,Y,Y,Y,Y,Y,Y,"CO, IP",Anubis baboon,18150,167.42,1.893922587,"Powell, L. E., Isler, K., & Barton, R. A. (2017). Re-evaluating the link between brain size and behavioural ecology in primates. Proc. R. Soc. B, 284(1865), 20171765.","Powell, L. E., Isler, K., & Barton, R. A. (2017). Re-evaluating the link between brain size and behavioural ecology in primates. Proc. R. Soc. B, 284(1865), 20171765.",16.65,21.1,12.2,1.729508197,207,
Papio cynocephalus,Papio_cynocephalus,cynocephalus,Papio,Papionini,Cercopithecinae,Cercopithecidae,Cercopithecoidea,Catarrhini,Anthropoidea,Haplorhini,Primates,Yellow baboon,Y,Y,Y,Y,N,Y,IP,NA,17150,163.19,1.90992332,"Smits, P. D. (2015). Expected time-invariant effects of biological traits on mammal species duration. Proceedings of the National Academy of Sciences,112(42), 13015-13020.","Jimenez-Gomez, Y., Mattison, J. A., Pearson, K. J., Martin-Montalvo, A., Palacios, H. H., Sossong, A. M., ... & Longo, D. L. (2013). Resveratrol improves adipose insulin signaling and reduces the inflammatory response in adipose tissue of rhesus monkeys on high-fat, high-sugar diet. Cell metabolism, 18(4), 533-545.",17.05,21.8,12.3,1.772357724,210,0.632
Theropithecus gelada,Theropithecus_gelada,gelada,Theropithecus,Papionini,Cercopithecinae,Cercopithecidae,Cercopithecoidea,Catarrhini,Anthropoidea,Haplorhini,Primates,Gelada,N,N,N,Y,N,Y,IP,Bleeding-heart monkey,15350,133.33,1.667799022,"Grabowski, M., Voje, K. L., & Hansen, T. F. (2016). Evolutionary modeling and correcting for observation error support a 3/5 brain-body allometry for primates. Journal of human evolution, 94, 106-116.","Grabowski, M., Voje, K. L., & Hansen, T. F. (2016). Evolutionary modeling and correcting for observation error support a 3/5 brain-body allometry for primates. Journal of human evolution, 94, 106-116.",15.35,19,11.7,1.623931624,210,0.719
Cercocebus agilis,Cercocebus_agilis,agilis,Cercocebus,Papionini,Cercopithecinae,Cercopithecidae,Cercopithecoidea,Catarrhini,Anthropoidea,Haplorhini,Primates,Agile mangabey,N,Y,Y,N,N,N,NA,NA,8023.411078,100.96867,1.86402646,"Grabowski, M., Voje, K. L., & Hansen, T. F. (2016). Evolutionary modeling and correcting for observation error support a 3/5 brain-body allometry for primates. Journal of human evolution, 94, 106-116.","Grabowski, M., Voje, K. L., & Hansen, T. F. (2016). Evolutionary modeling and correcting for observation error support a 3/5 brain-body allometry for primates. Journal of human evolution, 94, 106-116.",7.58,9.5,5.66,1.67844523,297,0.427
Cercocebus torquatus,Cercocebus_torquatus,torquatus,Cercocebus,Papionini,Cercopithecinae,Cercopithecidae,Cercopithecoidea,Catarrhini,Anthropoidea,Haplorhini,Primates,Collared mangabey,N,N,N,N,N,Y,IP,Red-capped mangabey,7485,105.99,2.040002375,"Grabowski, M., Voje, K. L., & Hansen, T. F. (2016). Evolutionary modeling and correcting for observation error support a 3/5 brain-body allometry for primates. Journal of human evolution, 94, 106-116.","Grabowski, M., Voje, K. L., & Hansen, T. F. (2016). Evolutionary modeling and correcting for observation error support a 3/5 brain-body allometry for primates. Journal of human evolution, 94, 106-116.",7.5,9.47,5.5,1.721818182,210,0.561
Cercocebus chrysogaster,Cercocebus_chrysogaster,chrysogaster,Cercocebus,Papionini,Cercopithecinae,Cercopithecidae,Cercopithecoidea,Catarrhini,Anthropoidea,Haplorhini,Primates,Golden-bellied mangabey,N,N,N,Y,N,N,NA,NA,,,,NA,NA,9.5,12,7,1.714285714,512,
Cercocebus sanjei,Cercocebus_sanjei,sanjei,Cercocebus,Papionini,Cercopithecinae,Cercopithecidae,Cercopithecoidea,Catarrhini,Anthropoidea,Haplorhini,Primates,Sanje mangabey,N,N,N,N,N,Y,NA,NA,,,,NA,NA,8.05,10.3,5.8,1.775862069,155,
Cercocebus atys,Cercocebus_atys,atys,Cercocebus,Papionini,Cercopithecinae,Cercopithecidae,Cercopithecoidea,Catarrhini,Anthropoidea,Haplorhini,Primates,Sooty mangabey,Y,Y,Y,Y,N,Y,"IP, CO",NA,8600,94.68,1.676640846,"Powell, L. E., Isler, K., & Barton, R. A. (2017). Re-evaluating the link between brain size and behavioural ecology in primates. Proc. R. Soc. B, 284(1865), 20171765.","Powell, L. E., Isler, K., & Barton, R. A. (2017). Re-evaluating the link between brain size and behavioural ecology in primates. Proc. R. Soc. B, 284(1865), 20171765.",8.6,11,6.2,1.774193548,299,
Cercocebus galeritus,Cercocebus_galeritus,galeritus,Cercocebus,Papionini,Cercopithecinae,Cercopithecidae,Cercopithecoidea,Catarrhini,Anthropoidea,Haplorhini,Primates,Tana river mangabey,N,N,N,Y,N,N,NA,NA,7383.04379,95.33714,1.850127747,"Gómez, J. M., & Verdú, M. (2012). Mutualism with plants drives primate diversification. Systematic biology, syr127.","Powell, L. E., Isler, K., & Barton, R. A. (2017). Re-evaluating the link between brain size and behavioural ecology in primates. Proc. R. Soc. B, 284(1865), 20171765.",7.44,9.61,5.26,1.826996198,278,
Cercocebus lunulatus,Cercocebus_lunulatus,lunulatus,Cercocebus,Papionini,Cercopithecinae,Cercopithecidae,Cercopithecoidea,Catarrhini,Anthropoidea,Haplorhini,Primates,White-naped mangabey,N,N,N,N,N,Y,NA,NA,,,,NA,NA,7.28,9.45,5.1,1.852941176,517,
Mandrillus leucophaeus,Mandrillus_leucophaeus,leucophaeus,Mandrillus,Papionini,Cercopithecinae,Cercopithecidae,Cercopithecoidea,Catarrhini,Anthropoidea,Haplorhini,Primates,Drill,N,Y,Y,Y,N,N,IP,NA,14999.957,133.17647,1.689096081,"Faurby, S., & Svenning, J. C. (2016). Resurrection of the island rule: human-driven extinctions have obscured a basic evolutionary pattern. The American Naturalist, 187(6), 812-820.","Steele, J. (1995). CHAPTER EIGHT On predicting hominid group sizes. The archaeology of human ancestry, 400(60.42), 207.",15,20.75,9.25,2.243243243,1012,0.878
Mandrillus sphinx,Mandrillus_sphinx,sphinx,Mandrillus,Papionini,Cercopithecinae,Cercopithecidae,Cercopithecoidea,Catarrhini,Anthropoidea,Haplorhini,Primates,Mandrill,N,Y,Y,Y,N,Y,IP,NA,23600,153.88,1.487016678,"Faurby, S., & Svenning, J. C. (2016). Resurrection of the island rule: human-driven extinctions have obscured a basic evolutionary pattern. The American Naturalist, 187(6), 812-820.","Steele, J. (1995). CHAPTER EIGHT On predicting hominid group sizes. The archaeology of human ancestry, 400(60.42), 207.",23.6,34.4,12.8,2.6875,306,
Colobus angolensis,Colobus_angolensis,angolensis,Colobus,Colobinae,Cercopithecinae,Cercopithecidae,Cercopithecoidea,Catarrhini,Anthropoidea,Haplorhini,Primates,Angola colobus,N,N,N,N,N,N,NA,NA,8625,77.7,1.373556158,"Faurby, S., & Svenning, J. C. (2016). Resurrection of the island rule: human-driven extinctions have obscured a basic evolutionary pattern. The American Naturalist, 187(6), 812-820.","Steele, J. (1995). CHAPTER EIGHT On predicting hominid group sizes. The archaeology of human ancestry, 400(60.42), 207.",8.6,9.8,7.4,1.324324324,309,0.399
Colobus satanas,Colobus_satanas,satanas,Colobus,Colobinae,Cercopithecinae,Cercopithecidae,Cercopithecoidea,Catarrhini,Anthropoidea,Haplorhini,Primates,Black colobus,N,N,N,N,N,N,IP,Satanic black colobus,8910,74.9,1.298482374,"Grabowski, M., Voje, K. L., & Hansen, T. F. (2016). Evolutionary modeling and correcting for observation error support a 3/5 brain-body allometry for primates. Journal of human evolution, 94, 106-116.","Grabowski, M., Voje, K. L., & Hansen, T. F. (2016). Evolutionary modeling and correcting for observation error support a 3/5 brain-body allometry for primates. Journal of human evolution, 94, 106-116.",8.91,10.4,7.42,1.401617251,210,0.293
Colobus polykomos,Colobus_polykomos,polykomos,Colobus,Colobinae,Cercopithecinae,Cercopithecidae,Cercopithecoidea,Catarrhini,Anthropoidea,Haplorhini,Primates,King colobus,N,N,N,N,N,Y,IP,Western black-and-white colobus,9100,73.83,1.263830688,"Faurby, S., & Svenning, J. C. (2016). Resurrection of the island rule: human-driven extinctions have obscured a basic evolutionary pattern. The American Naturalist, 187(6), 812-820.","Steele, J. (1995). CHAPTER EIGHT On predicting hominid group sizes. The archaeology of human ancestry, 400(60.42), 207.",9.1,9.9,8.3,1.192771084,309,0.295
Colobus guereza,Colobus_guereza,guereza,Colobus,Colobinae,Cercopithecinae,Cercopithecidae,Cercopithecoidea,Catarrhini,Anthropoidea,Haplorhini,Primates,Mantled colobus,N,N,N,N,N,Y,IP,Guereza,8589,74.39,1.318347381,"Grabowski, M., Voje, K. L., & Hansen, T. F. (2016). Evolutionary modeling and correcting for observation error support a 3/5 brain-body allometry for primates. Journal of human evolution, 94, 106-116.","Grabowski, M., Voje, K. L., & Hansen, T. F. (2016). Evolutionary modeling and correcting for observation error support a 3/5 brain-body allometry for primates. Journal of human evolution, 94, 106-116.",8.89,9.89,7.9,1.251898734,210,0.226
Colobus vellerosus,Colobus_vellerosus,vellerosus,Colobus,Colobinae,Cercopithecinae,Cercopithecidae,Cercopithecoidea,Catarrhini,Anthropoidea,Haplorhini,Primates,Ursine colobus,N,N,N,N,N,Y,IP,"White-thighed colobus, Geoffroy's black-and-white colobus",7820,73.07,1.369922249,"Grabowski, M., Voje, K. L., & Hansen, T. F. (2016). Evolutionary modeling and correcting for observation error support a 3/5 brain-body allometry for primates. Journal of human evolution, 94, 106-116.","Grabowski, M., Voje, K. L., & Hansen, T. F. (2016). Evolutionary modeling and correcting for observation error support a 3/5 brain-body allometry for primates. Journal of human evolution, 94, 106-116.",7.68,8.5,6.9,1.231884058,309,
Piliocolobus bouvieri,Piliocolobus_bouvieri,bouvieri,Piliocolobus,Colobinae,Cercopithecinae,Cercopithecidae,Cercopithecoidea,Catarrhini,Anthropoidea,Haplorhini,Primates,Bouvier's red colobus,N,N,N,N,N,N,NA,NA,,,,NA,NA,NA,NA,NA,,NA,
Piliocolobus foai,Piliocolobus_foai,foai,Piliocolobus,Colobinae,Cercopithecinae,Cercopithecidae,Cercopithecoidea,Catarrhini,Anthropoidea,Haplorhini,Primates,Foa's red colobus,N,N,N,N,N,N,NA,NA,12000,70,1.015009614,"Grabowski, M., Voje, K. L., & Hansen, T. F. (2016). Evolutionary modeling and correcting for observation error support a 3/5 brain-body allometry for primates. Journal of human evolution, 94, 106-116.","Grabowski, M., Voje, K. L., & Hansen, T. F. (2016). Evolutionary modeling and correcting for observation error support a 3/5 brain-body allometry for primates. Journal of human evolution, 94, 106-116.",9.5,11,8,1.375,890,
Piliocolobus parmentieri,Piliocolobus_parmentieri,parmentieri,Piliocolobus,Colobinae,Cercopithecinae,Cercopithecidae,Cercopithecoidea,Catarrhini,Anthropoidea,Haplorhini,Primates,Lomami red colobus,N,N,N,N,N,N,NA,NA,,,,NA,NA,8.3,9.1,7.5,1.213333333,897,
Piliocolobus langi,Piliocolobus_langi,langi,Piliocolobus,Colobinae,Cercopithecinae,Cercopithecidae,Cercopithecoidea,Catarrhini,Anthropoidea,Haplorhini,Primates,Lang's red colobus,N,N,N,N,N,N,NA,NA,,,,NA,NA,6.59,7.65,5.53,1.383363472,297,
Piliocolobus waldronae,Piliocolobus_waldronae,waldronae,Piliocolobus,Colobinae,Cercopithecinae,Cercopithecidae,Cercopithecoidea,Catarrhini,Anthropoidea,Haplorhini,Primates,Miss Waldron's red colobus,N,N,N,N,N,N,NA,NA,,,,NA,NA,5.9,NA,NA,,910,
Piliocolobus epieni,Piliocolobus_epieni,epieni,Piliocolobus,Colobinae,Cercopithecinae,Cercopithecidae,Cercopithecoidea,Catarrhini,Anthropoidea,Haplorhini,Primates,Niger Delta red colobus,N,N,N,N,N,N,NA,NA,,,,NA,NA,NA,NA,NA,,NA,
Piliocolobus oustaleti,Piliocolobus_oustaleti,oustaleti,Piliocolobus,Colobinae,Cercopithecinae,Cercopithecidae,Cercopithecoidea,Catarrhini,Anthropoidea,Haplorhini,Primates,Oustalet's red colobus,N,N,N,N,N,N,NA,NA,,,,NA,NA,10.35,12.5,8.2,1.524390244,896,
Piliocolobus pennantii,Piliocolobus_pennantii,pennantii,Piliocolobus,Colobinae,Cercopithecinae,Cercopithecidae,Cercopithecoidea,Catarrhini,Anthropoidea,Haplorhini,Primates,Pennant's colobus,N,N,N,N,N,N,NA,NA,10500,71.65454545,1.125669838,"Faurby, S., & Svenning, J. C. (2016). Resurrection of the island rule: human-driven extinctions have obscured a basic evolutionary pattern. The American Naturalist, 187(6), 812-820.","Schoenemann, P. T. (2013). Hominid brain evolution. A companion to paleoanthropology, 136-164.",7.4,9,5.8,1.551724138,897,
Piliocolobus preussi,Piliocolobus_preussi,preussi,Piliocolobus,Colobinae,Cercopithecinae,Cercopithecidae,Cercopithecoidea,Catarrhini,Anthropoidea,Haplorhini,Primates,Preuss's red colobus,N,N,N,N,N,N,NA,NA,8865.71,75.65,1.315411648,"Grabowski, M., Voje, K. L., & Hansen, T. F. (2016). Evolutionary modeling and correcting for observation error support a 3/5 brain-body allometry for primates. Journal of human evolution, 94, 106-116.","Grabowski, M., Voje, K. L., & Hansen, T. F. (2016). Evolutionary modeling and correcting for observation error support a 3/5 brain-body allometry for primates. Journal of human evolution, 94, 106-116.",8.3,8.3,NA,,362,
Piliocolobus semlikiensis,Piliocolobus_semlikiensis,semlikiensis,Piliocolobus,Colobinae,Cercopithecinae,Cercopithecidae,Cercopithecoidea,Catarrhini,Anthropoidea,Haplorhini,Primates,Semliki red colobus,N,N,N,N,N,N,NA,NA,,,,NA,NA,NA,NA,NA,,NA,
Piliocolobus rufomitratus,Piliocolobus_rufomitratus,rufomitratus,Piliocolobus,Colobinae,Cercopithecinae,Cercopithecidae,Cercopithecoidea,Catarrhini,Anthropoidea,Haplorhini,Primates,Tana river red colobus,N,N,N,N,N,N,NA,NA,8802.5,70.56541562,1.232279283,"Faurby, S., & Svenning, J. C. (2016). Resurrection of the island rule: human-driven extinctions have obscured a basic evolutionary pattern. The American Naturalist, 187(6), 812-820.","Schoenemann, P. T. (2013). Hominid brain evolution. A companion to paleoanthropology, 136-164.",9,NA,NA,,1135,
Piliocolobus tholloni,Piliocolobus_tholloni,tholloni,Piliocolobus,Colobinae,Cercopithecinae,Cercopithecidae,Cercopithecoidea,Catarrhini,Anthropoidea,Haplorhini,Primates,Thollon's red colobus,N,N,N,N,N,N,IP,NA,,,,NA,NA,NA,NA,NA,,NA,
Piliocolobus gordonorum,Piliocolobus_gordonorum,gordonorum,Piliocolobus,Colobinae,Cercopithecinae,Cercopithecidae,Cercopithecoidea,Catarrhini,Anthropoidea,Haplorhini,Primates,Udzungwa red colobus,N,N,N,N,N,N,NA,NA,,,,NA,NA,7.05,NA,NA,,106,
Piliocolobus tephrosceles,Piliocolobus_tephrosceles,tephrosceles,Piliocolobus,Colobinae,Cercopithecinae,Cercopithecidae,Cercopithecoidea,Catarrhini,Anthropoidea,Haplorhini,Primates,Ugandan red colobus,N,N,N,N,N,Y,IP,NA,9520,72.45415621,1.20715211,"Grabowski, M., Voje, K. L., & Hansen, T. F. (2016). Evolutionary modeling and correcting for observation error support a 3/5 brain-body allometry for primates. Journal of human evolution, 94, 106-116.","Grabowski, M., Voje, K. L., & Hansen, T. F. (2016). Evolutionary modeling and correcting for observation error support a 3/5 brain-body allometry for primates. Journal of human evolution, 94, 106-116.",8.75,10.5,7,1.5,1136,
Piliocolobus badius,Piliocolobus_badius,badius,Piliocolobus,Colobinae,Cercopithecinae,Cercopithecidae,Cercopithecoidea,Catarrhini,Anthropoidea,Haplorhini,Primates,Western red colobus,Y,N,Y,N,N,N,IP,NA,8285,63.59,1.151580178,"Faurby, S., & Svenning, J. C. (2016). Resurrection of the island rule: human-driven extinctions have obscured a basic evolutionary pattern. The American Naturalist, 187(6), 812-820.","Powell, L. E., Isler, K., & Barton, R. A. (2017). Re-evaluating the link between brain size and behavioural ecology in primates. Proc. R. Soc. B, 284(1865), 20171765.",8.25,8.3,8.2,1.012195122,299,0.38
Piliocolobus kirkii,Piliocolobus_kirkii,kirkii,Piliocolobus,Colobinae,Cercopithecinae,Cercopithecidae,Cercopithecoidea,Catarrhini,Anthropoidea,Haplorhini,Primates,Zanzibar red colobus,N,N,N,N,N,Y,NA,NA,5630,57.25,1.307227928,"Grabowski, M., Voje, K. L., & Hansen, T. F. (2016). Evolutionary modeling and correcting for observation error support a 3/5 brain-body allometry for primates. Journal of human evolution, 94, 106-116.","Grabowski, M., Voje, K. L., & Hansen, T. F. (2016). Evolutionary modeling and correcting for observation error support a 3/5 brain-body allometry for primates. Journal of human evolution, 94, 106-116.",6.9,7,6.8,1.029411765,250,
Procolobus verus,Procolobus_verus,verus,Procolobus,Colobinae,Cercopithecinae,Cercopithecidae,Cercopithecoidea,Catarrhini,Anthropoidea,Haplorhini,Primates,Olive colobus,N,N,N,N,N,Y,NA,NA,4450,52.6,1.383090509,"Gómez, J. M., & Verdú, M. (2012). Mutualism with plants drives primate diversification. Systematic biology, syr127.","Powell, L. E., Isler, K., & Barton, R. A. (2017). Re-evaluating the link between brain size and behavioural ecology in primates. Proc. R. Soc. B, 284(1865), 20171765.",4.45,4.7,4.2,1.119047619,299,0.424
Semnopithecus hypoleucos,Semnopithecus_hypoleucos,hypoleucos,Semnopithecus,Colobinae,Cercopithecinae,Cercopithecidae,Cercopithecoidea,Catarrhini,Anthropoidea,Haplorhini,Primates,Black-footed gray langur,N,N,N,N,N,N,NA,NA,,,,NA,NA,13.1,14.75,11.45,1.288209607,1127,
Semnopithecus ajax,Semnopithecus_ajax,ajax,Semnopithecus,Colobinae,Cercopithecinae,Cercopithecidae,Cercopithecoidea,Catarrhini,Anthropoidea,Haplorhini,Primates,Kashmir gray langur,N,N,N,N,N,N,IP,NA,,,,NA,NA,20.15,20.15,NA,,1127,
Semnopithecus schistaceus,Semnopithecus_schistaceus,schistaceus,Semnopithecus,Colobinae,Cercopithecinae,Cercopithecidae,Cercopithecoidea,Catarrhini,Anthropoidea,Haplorhini,Primates,Nepal gray langur,N,N,N,N,N,Y,NA,NA,,,,NA,NA,17,19.2,14.8,1.297297297,210,
Semnopithecus johnii,Semnopithecus_johnii,johnii,Semnopithecus,Colobinae,Cercopithecinae,Cercopithecidae,Cercopithecoidea,Catarrhini,Anthropoidea,Haplorhini,Primates,Nilgiri langur,N,N,N,N,N,Y,IP,NA,,,,NA,NA,11.6,12,11.2,1.071428571,331,
Semnopithecus entellus,Semnopithecus_entellus,entellus,Semnopithecus,Colobinae,Cercopithecinae,Cercopithecidae,Cercopithecoidea,Catarrhini,Anthropoidea,Haplorhini,Primates,Northern plains gray langur,N,N,N,N,N,Y,IP,"Sacred langur, Bengal sacred langur, Hanuman langur",15500,95.23684512,1.184368491,"Fleagle, J. G. (2013). Primate adaptation and evolution. Academic Press.","Jimenez-Gomez, Y., Mattison, J. A., Pearson, K. J., Martin-Montalvo, A., Palacios, H. H., Sossong, A. M., ... & Longo, D. L. (2013). Resveratrol improves adipose insulin signaling and reduces the inflammatory response in adipose tissue of rhesus monkeys on high-fat, high-sugar diet. Cell metabolism, 18(4), 533-545.",11.44,13,9.89,1.31445905,210,0.415
Semnopithecus hector,Semnopithecus_hector,hector,Semnopithecus,Colobinae,Cercopithecinae,Cercopithecidae,Cercopithecoidea,Catarrhini,Anthropoidea,Haplorhini,Primates,Tarai gray langur,N,N,N,N,N,Y,NA,NA,,,,NA,NA,15.3,17.6,13,1.353846154,1149,
Semnopithecus priam,Semnopithecus_priam,priam,Semnopithecus,Colobinae,Cercopithecinae,Cercopithecidae,Cercopithecoidea,Catarrhini,Anthropoidea,Haplorhini,Primates,Tufted gray langur,N,N,N,N,N,N,IP,NA,,,,NA,NA,NA,12.45,NA,,1048,
Semnopithecus vetulus,Semnopithecus_vetulus,vetulus,Semnopithecus,Colobinae,Cercopithecinae,Cercopithecidae,Cercopithecoidea,Catarrhini,Anthropoidea,Haplorhini,Primates,Purple-faced langur,N,N,N,N,N,Y,NA,Purple-faced leaf monkey,,,,NA,NA,7.03,8.17,5.9,1.384745763,312,0.392
Trachypithecus margarita,Trachypithecus_margarita,margarita,Trachypithecus,Colobinae,Cercopithecinae,Cercopithecidae,Cercopithecoidea,Catarrhini,Anthropoidea,Haplorhini,Primates,Annamese langur,N,N,N,N,N,N,NA,NA,,,,NA,NA,NA,NA,NA,,NA,
Trachypithecus pileatus,Trachypithecus_pileatus,pileatus,Trachypithecus,Colobinae,Cercopithecinae,Cercopithecidae,Cercopithecoidea,Catarrhini,Anthropoidea,Haplorhini,Primates,Capped langur,N,N,N,N,N,Y,IP,NA,11450,97.35562454,1.451973261,"Powell, L. E., Isler, K., & Barton, R. A. (2017). Re-evaluating the link between brain size and behavioural ecology in primates. Proc. R. Soc. B, 284(1865), 20171765.","Powell, L. E., Isler, K., & Barton, R. A. (2017). Re-evaluating the link between brain size and behavioural ecology in primates. Proc. R. Soc. B, 284(1865), 20171765.",10.93,12,9.86,1.21703854,210,0.32
Trachypithecus poliocephalus,Trachypithecus_poliocephalus,poliocephalus,Trachypithecus,Colobinae,Cercopithecinae,Cercopithecidae,Cercopithecoidea,Catarrhini,Anthropoidea,Haplorhini,Primates,Cat Ba langur,N,N,N,N,N,N,IP,NA,,,,NA,NA,8.05,8.75,7.35,1.19047619,1134,
Trachypithecus delacouri,Trachypithecus_delacouri,delacouri,Trachypithecus,Colobinae,Cercopithecinae,Cercopithecidae,Cercopithecoidea,Catarrhini,Anthropoidea,Haplorhini,Primates,Delacour's langur,N,N,N,N,N,Y,NA,NA,,,,NA,NA,7.75,8,7.5,1.066666667,1134,
Trachypithecus obscurus,Trachypithecus_obscurus,obscurus,Trachypithecus,Colobinae,Cercopithecinae,Cercopithecidae,Cercopithecoidea,Catarrhini,Anthropoidea,Haplorhini,Primates,Dusky leaf monkey,N,N,N,N,N,Y,IP,Spectacled langur,7056,62.12,1.23873146,"Fleagle, J. G. (2013). Primate adaptation and evolution. Academic Press.","Jimenez-Gomez, Y., Mattison, J. A., Pearson, K. J., Martin-Montalvo, A., Palacios, H. H., Sossong, A. M., ... & Longo, D. L. (2013). Resveratrol improves adipose insulin signaling and reduces the inflammatory response in adipose tissue of rhesus monkeys on high-fat, high-sugar diet. Cell metabolism, 18(4), 533-545.",6.99,7.77,6.22,1.249196141,311,0.316
Trachypithecus auratus,Trachypithecus_auratus,auratus,Trachypithecus,Colobinae,Cercopithecinae,Cercopithecidae,Cercopithecoidea,Catarrhini,Anthropoidea,Haplorhini,Primates,East Javan langur,N,N,N,N,N,Y,IP,Ebony lutung,7100,62.59375,1.243531599,"Fleagle, J. G. (2013). Primate adaptation and evolution. Academic Press.","Harrington, A. R., Silcox, M. T., Yapuncich, G. S., Boyer, D. M., & Bloch, J. I. (2016). First virtual endocasts of adapiform primates. Journal of human evolution, 99, 52-78.",NA,7.1,NA,,1152,
Trachypithecus francoisi,Trachypithecus_francoisi,francoisi,Trachypithecus,Colobinae,Cercopithecinae,Cercopithecidae,Cercopithecoidea,Catarrhini,Anthropoidea,Haplorhini,Primates,François' langur,N,N,N,N,N,N,NA,NA,7325,81,1.57936062,"Grabowski, M., Voje, K. L., & Hansen, T. F. (2016). Evolutionary modeling and correcting for observation error support a 3/5 brain-body allometry for primates. Journal of human evolution, 94, 106-116.","Grabowski, M., Voje, K. L., & Hansen, T. F. (2016). Evolutionary modeling and correcting for observation error support a 3/5 brain-body allometry for primates. Journal of human evolution, 94, 106-116.",7.52,7.7,7.35,1.047619048,331,
Trachypithecus geei,Trachypithecus_geei,geei,Trachypithecus,Colobinae,Cercopithecinae,Cercopithecidae,Cercopithecoidea,Catarrhini,Anthropoidea,Haplorhini,Primates,Gee's golden langur,N,N,N,N,N,N,NA,NA,9500,81.3,1.356242177,"Faurby, S., & Svenning, J. C. (2016). Resurrection of the island rule: human-driven extinctions have obscured a basic evolutionary pattern. The American Naturalist, 187(6), 812-820.","Steele, J. (1995). CHAPTER EIGHT On predicting hominid group sizes. The archaeology of human ancestry, 400(60.42), 207.",10.15,10.8,9.5,1.136842105,331,
Trachypithecus germaini,Trachypithecus_germaini,germaini,Trachypithecus,Colobinae,Cercopithecinae,Cercopithecidae,Cercopithecoidea,Catarrhini,Anthropoidea,Haplorhini,Primates,Germain's langur,N,N,N,N,N,N,NA,NA,,,,NA,NA,8.83,NA,NA,,209,
Trachypithecus hatinhensis,Trachypithecus_hatinhensis,hatinhensis,Trachypithecus,Colobinae,Cercopithecinae,Cercopithecidae,Cercopithecoidea,Catarrhini,Anthropoidea,Haplorhini,Primates,Hatinh langur,N,N,N,N,N,N,NA,NA,,,,NA,NA,7.35,7.5,7.2,1.041666667,1134,
Trachypithecus ebenus,Trachypithecus_ebenus,ebenus,Trachypithecus,Colobinae,Cercopithecinae,Cercopithecidae,Cercopithecoidea,Catarrhini,Anthropoidea,Haplorhini,Primates,Indochinese black langur,N,N,N,N,N,N,NA,NA,,,,NA,NA,10.3,10.3,NA,,1134,
Trachypithecus crepusculus,Trachypithecus_crepusculus,crepusculus,Trachypithecus,Colobinae,Cercopithecinae,Cercopithecidae,Cercopithecoidea,Catarrhini,Anthropoidea,Haplorhini,Primates,Indochinese grey langur,N,N,N,N,N,N,NA,NA,,,,NA,NA,6.65,6.9,6.4,1.078125,1075,
Trachypithecus laotum,Trachypithecus_laotum,laotum,Trachypithecus,Colobinae,Cercopithecinae,Cercopithecidae,Cercopithecoidea,Catarrhini,Anthropoidea,Haplorhini,Primates,Laotian langur,N,N,N,N,N,N,NA,NA,,,,NA,NA,7,7.5,6.5,1.153846154,1134,
Trachypithecus phayrei,Trachypithecus_phayrei,phayrei,Trachypithecus,Colobinae,Cercopithecinae,Cercopithecidae,Cercopithecoidea,Catarrhini,Anthropoidea,Haplorhini,Primates,Phayre's leaf monkey,N,N,N,N,N,N,IP,NA,7475,72.84,1.403085326,"Fleagle, J. G. (2013). Primate adaptation and evolution. Academic Press.","Sherwood, C. C., Subiaul, F., & Zawidzki, T. W. (2008). A natural history of the human mind: tracing evolutionary changes in brain and cognition. Journal of Anatomy, 212(4), 426-454.",7.44,7.93,6.95,1.141007194,312,
Trachypithecus popa,Trachypithecus_popa,popa,Trachypithecus,Colobinae,Cercopithecinae,Cercopithecidae,Cercopithecoidea,Catarrhini,Anthropoidea,Haplorhini,Primates,Popa langur,N,N,N,N,N,N,NA,NA,,,,NA,NA,,,,,NA,
Trachypithecus shortridgei,Trachypithecus_shortridgei,shortridgei,Trachypithecus,Colobinae,Cercopithecinae,Cercopithecidae,Cercopithecoidea,Catarrhini,Anthropoidea,Haplorhini,Primates,Shortridge's langur,N,N,N,N,N,N,NA,NA,,,,NA,NA,NA,NA,NA,,NA,
Trachypithecus selangorensis,Trachypithecus_selangorensis,selangorensis,Trachypithecus,Colobinae,Cercopithecinae,Cercopithecidae,Cercopithecoidea,Catarrhini,Anthropoidea,Haplorhini,Primates,Selangor silvered langur,N,N,N,N,N,N,NA,NA,,,,NA,NA,NA,NA,NA,,NA,
Trachypithecus cristatus,Trachypithecus_cristatus,cristatus,Trachypithecus,Colobinae,Cercopithecinae,Cercopithecidae,Cercopithecoidea,Catarrhini,Anthropoidea,Haplorhini,Primates,Silvery lutung,Y,N,Y,N,N,Y,IP,NA,6394,57.86,1.224040292,"Grabowski, M., Voje, K. L., & Hansen, T. F. (2016). Evolutionary modeling and correcting for observation error support a 3/5 brain-body allometry for primates. Journal of human evolution, 94, 106-116.","Grabowski, M., Voje, K. L., & Hansen, T. F. (2016). Evolutionary modeling and correcting for observation error support a 3/5 brain-body allometry for primates. Journal of human evolution, 94, 106-116.",6.25,6.72,5.78,1.162629758,278,0.281
Trachypithecus barbei,Trachypithecus_barbei,barbei,Trachypithecus,Colobinae,Cercopithecinae,Cercopithecidae,Cercopithecoidea,Catarrhini,Anthropoidea,Haplorhini,Primates,Tenasserim lutung,N,N,N,N,N,N,NA,NA,,,,NA,NA,6.4,NA,NA,,209,
Trachypithecus mauritius,Trachypithecus_mauritius,mauritius,Trachypithecus,Colobinae,Cercopithecinae,Cercopithecidae,Cercopithecoidea,Catarrhini,Anthropoidea,Haplorhini,Primates,West Javan langur,N,N,N,N,N,N,NA,NA,,,,NA,NA,NA,NA,NA,,NA,
Trachypithecus leucocephalus,Trachypithecus_leucocephalus,leucocephalus,Trachypithecus,Colobinae,Cercopithecinae,Cercopithecidae,Cercopithecoidea,Catarrhini,Anthropoidea,Haplorhini,Primates,White-headed langur,N,N,N,N,N,Y,IP,NA,,,,NA,NA,8.285,8.75,7.82,1.118925831,1153,
Presbytis chrysomelas,Presbytis_chrysomelas,chrysomelas,Presbytis,Colobinae,Cercopithecinae,Cercopithecidae,Cercopithecoidea,Catarrhini,Anthropoidea,Haplorhini,Primates,Sarawak surili,N,N,N,N,N,N,NA,NA,,,,NA,NA,7.05,NA,NA,,943,
Presbytis comata,Presbytis_comata,comata,Presbytis,Colobinae,Cercopithecinae,Cercopithecidae,Cercopithecoidea,Catarrhini,Anthropoidea,Haplorhini,Primates,Grizzled leaf monkey,N,N,N,N,N,Y,NA,NA,6250,68,1.45835,"Gómez, J. M., & Verdú, M. (2012). Mutualism with plants drives primate diversification. Systematic biology, syr127.","Beaudet, A., Dumoncel, J., De Beer, F., Duployer, B., Durrleman, S., Gilissen, E., ... & Braga, J. (2016). Morphoarchitectural variation in South African fossil cercopithecoid endocasts. Journal of human evolution, 101, 65-78.",6.7,6.68,6.71,0.995529061,210,0.219
Presbytis femoralis,Presbytis_femoralis,femoralis,Presbytis,Colobinae,Cercopithecinae,Cercopithecidae,Cercopithecoidea,Catarrhini,Anthropoidea,Haplorhini,Primates,Banded leaf monkey,N,N,N,N,N,Y,NA,NA,,,,NA,NA,6.22,6.26,6.19,1.011308562,210,
Presbytis frontata,Presbytis_frontata,frontata,Presbytis,Colobinae,Cercopithecinae,Cercopithecidae,Cercopithecoidea,Catarrhini,Anthropoidea,Haplorhini,Primates,White-fronted leaf monkey,N,N,N,N,N,N,NA,NA,5615,81.02,1.852948061,"Grabowski, M., Voje, K. L., & Hansen, T. F. (2016). Evolutionary modeling and correcting for observation error support a 3/5 brain-body allometry for primates. Journal of human evolution, 94, 106-116.","Grabowski, M., Voje, K. L., & Hansen, T. F. (2016). Evolutionary modeling and correcting for observation error support a 3/5 brain-body allometry for primates. Journal of human evolution, 94, 106-116.",5.61,5.56,5.67,0.980599647,331,
Presbytis hosei,Presbytis_hosei,hosei,Presbytis,Colobinae,Cercopithecinae,Cercopithecidae,Cercopithecoidea,Catarrhini,Anthropoidea,Haplorhini,Primates,Gray leaf monkey,N,N,N,N,N,N,NA,NA,6500,60.02222222,1.257317383,"Gómez, J. M., & Verdú, M. (2012). Mutualism with plants drives primate diversification. Systematic biology, syr127.","Powell, L. E., Isler, K., & Barton, R. A. (2017). Re-evaluating the link between brain size and behavioural ecology in primates. Proc. R. Soc. B, 284(1865), 20171765.",5.9,6.18,5.63,1.097690941,331,
Presbytis melalophos,Presbytis_melalophos,melalophos,Presbytis,Colobinae,Cercopithecinae,Cercopithecidae,Cercopithecoidea,Catarrhini,Anthropoidea,Haplorhini,Primates,Mitred leaf monkey,N,N,N,N,N,N,IP,NA,6560,64.85,1.35097882,"Gómez, J. M., & Verdú, M. (2012). Mutualism with plants drives primate diversification. Systematic biology, syr127.","Beaudet, A., Dumoncel, J., De Beer, F., Duployer, B., Durrleman, S., Gilissen, E., ... & Braga, J. (2016). Morphoarchitectural variation in South African fossil cercopithecoid endocasts. Journal of human evolution, 101, 65-78.",6.53,6.59,6.47,1.018547141,210,0.224
Presbytis natunae,Presbytis_natunae,natunae,Presbytis,Colobinae,Cercopithecinae,Cercopithecidae,Cercopithecoidea,Catarrhini,Anthropoidea,Haplorhini,Primates,Natuna Island surili,N,N,N,N,N,N,NA,NA,,,,NA,NA,7.05,NA,NA,,1087,
Presbytis potenziani,Presbytis_potenziani,potenziani,Presbytis,Colobinae,Cercopithecinae,Cercopithecidae,Cercopithecoidea,Catarrhini,Anthropoidea,Haplorhini,Primates,Mentawai leaf monkey,N,N,N,N,N,Y,NA,NA,,,,NA,NA,6.27,6.14,6.41,0.957878315,310,0.171
Presbytis rubicunda,Presbytis_rubicunda,rubicunda,Presbytis,Colobinae,Cercopithecinae,Cercopithecidae,Cercopithecoidea,Catarrhini,Anthropoidea,Haplorhini,Primates,Red lead monkey,N,N,N,N,N,Y,NA,NA,,,,NA,NA,6.13,6.22,6.04,1.029801325,210,0.174
Presbytis siamensis,Presbytis_siamensis,siamensis,Presbytis,Colobinae,Cercopithecinae,Cercopithecidae,Cercopithecoidea,Catarrhini,Anthropoidea,Haplorhini,Primates,White-thighed surili,N,N,N,N,N,N,NA,NA,5876,60.94,1.356232793,"Fleagle, J. G. (2013). Primate adaptation and evolution. Academic Press.","Powell, L. E., Isler, K., & Barton, R. A. (2017). Re-evaluating the link between brain size and behavioural ecology in primates. Proc. R. Soc. B, 284(1865), 20171765.",7.65,8.2,7.1,1.154929577,366,
Presbytis thomasi,Presbytis_thomasi,thomasi,Presbytis,Colobinae,Cercopithecinae,Cercopithecidae,Cercopithecoidea,Catarrhini,Anthropoidea,Haplorhini,Primates,North Sumatran leaf monkey,N,N,N,N,N,Y,IP,NA,,,,NA,NA,6.73,6.77,6.69,1.011958146,331,
Pygathrix nigripes,Pygathrix_nigripes,nigripes,Pygathrix,Colobinae,Cercopithecinae,Cercopithecidae,Cercopithecoidea,Catarrhini,Anthropoidea,Haplorhini,Primates,Black-shanked douc,N,N,N,N,N,Y,IP,NA,8884.2,83.70268167,1.453614477,"Grabowski, M., Voje, K. L., & Hansen, T. F. (2016). Evolutionary modeling and correcting for observation error support a 3/5 brain-body allometry for primates. Journal of human evolution, 94, 106-116.","Grabowski, M., Voje, K. L., & Hansen, T. F. (2016). Evolutionary modeling and correcting for observation error support a 3/5 brain-body allometry for primates. Journal of human evolution, 94, 106-116.",9.88,11.05,8.7,1.270114943,331,
Pygathrix cinerea,Pygathrix_cinerea,cinerea,Pygathrix,Colobinae,Cercopithecinae,Cercopithecidae,Cercopithecoidea,Catarrhini,Anthropoidea,Haplorhini,Primates,Gray-shanked douc,N,N,N,N,N,N,NA,NA,8310,72.53,1.311106368,"Faurby, S., & Svenning, J. C. (2016). Resurrection of the island rule: human-driven extinctions have obscured a basic evolutionary pattern. The American Naturalist, 187(6), 812-820.","Powell, L. E., Isler, K., & Barton, R. A. (2017). Re-evaluating the link between brain size and behavioural ecology in primates. Proc. R. Soc. B, 284(1865), 20171765.",9.98,11.5,8.45,1.360946746,1075,
Pygathrix nemaeus,Pygathrix_nemaeus,nemaeus,Pygathrix,Colobinae,Cercopithecinae,Cercopithecidae,Cercopithecoidea,Catarrhini,Anthropoidea,Haplorhini,Primates,Red-shanked douc,N,N,N,N,N,N,IP,NA,9980,94.85,1.536172103,"Grabowski, M., Voje, K. L., & Hansen, T. F. (2016). Evolutionary modeling and correcting for observation error support a 3/5 brain-body allometry for primates. Journal of human evolution, 94, 106-116.","Grabowski, M., Voje, K. L., & Hansen, T. F. (2016). Evolutionary modeling and correcting for observation error support a 3/5 brain-body allometry for primates. Journal of human evolution, 94, 106-116.",9.72,11,8.44,1.303317536,331,0.4
Rhinopithecus bieti,Rhinopithecus_bieti,bieti,Rhinopithecus,Colobinae,Cercopithecinae,Cercopithecidae,Cercopithecoidea,Catarrhini,Anthropoidea,Haplorhini,Primates,Black-and-white snub-nosed monkey,N,N,N,Y,N,Y,"IP, CO",NA,9100,114.7142857,1.963692736,"Faurby, S., & Svenning, J. C. (2016). Resurrection of the island rule: human-driven extinctions have obscured a basic evolutionary pattern. The American Naturalist, 187(6), 812-820.","Powell, L. E., Isler, K., & Barton, R. A. (2017). Re-evaluating the link between brain size and behavioural ecology in primates. Proc. R. Soc. B, 284(1865), 20171765.",12.48,15,9.96,1.506024096,224,
Rhinopithecus roxellana,Rhinopithecus_roxellana,roxellana,Rhinopithecus,Colobinae,Cercopithecinae,Cercopithecidae,Cercopithecoidea,Catarrhini,Anthropoidea,Haplorhini,Primates,Golden snub-nosed monkey,N,N,N,N,N,Y,IP,NA,8435.333333,115.5351889,2.069825785,"Grabowski, M., Voje, K. L., & Hansen, T. F. (2016). Evolutionary modeling and correcting for observation error support a 3/5 brain-body allometry for primates. Journal of human evolution, 94, 106-116.","Grabowski, M., Voje, K. L., & Hansen, T. F. (2016). Evolutionary modeling and correcting for observation error support a 3/5 brain-body allometry for primates. Journal of human evolution, 94, 106-116.",14.75,17.9,11.6,1.543103448,224,
Rhinopithecus brelichi,Rhinopithecus_brelichi,brelichi,Rhinopithecus,Colobinae,Cercopithecinae,Cercopithecidae,Cercopithecoidea,Catarrhini,Anthropoidea,Haplorhini,Primates,Gray snub-nosed monkey,N,N,N,N,N,N,NA,NA,11500,111.5,1.658582302,"Fleagle, J. G. (2013). Primate adaptation and evolution. Academic Press.","Smith, R. J., Albrecht, G. H., Damuth, J., Di Bacco, M., Fortelius, M., Gingerich, P. D., ... & Leney, M. D. (1996). Biology and body size in human evolution: statistical inference misapplied [and comments and reply]. Current Anthropology, 37(3), 451-481.",11.25,14.5,8,1.8125,1126,
Rhinopithecus strykeri,Rhinopithecus_strykeri,strykeri,Rhinopithecus,Colobinae,Cercopithecinae,Cercopithecidae,Cercopithecoidea,Catarrhini,Anthropoidea,Haplorhini,Primates,Myanmar snub-nosed monkey,N,N,N,N,N,N,NA,NA,,,,NA,NA,11.25,14,8.5,1.647058824,1126,
Rhinopithecus avunculus,Rhinopithecus_avunculus,avunculus,Rhinopithecus,Colobinae,Cercopithecinae,Cercopithecidae,Cercopithecoidea,Catarrhini,Anthropoidea,Haplorhini,Primates,Tonkin snub-nosed monkey,N,N,N,N,N,N,NA,NA,,,,NA,NA,11.25,14,8.5,1.647058824,1144,
Nasalis larvatus,Nasalis_larvatus,larvatus,Nasalis,Colobinae,Cercopithecinae,Cercopithecidae,Cercopithecoidea,Catarrhini,Anthropoidea,Haplorhini,Primates,Proboscis monkey,N,N,N,N,N,Y,IP,NA,14561,92.3,1.191702481,"Faurby, S., & Svenning, J. C. (2016). Resurrection of the island rule: human-driven extinctions have obscured a basic evolutionary pattern. The American Naturalist, 187(6), 812-820.","Powell, L. E., Isler, K., & Barton, R. A. (2017). Re-evaluating the link between brain size and behavioural ecology in primates. Proc. R. Soc. B, 284(1865), 20171765.",15.75,21.02,10.48,2.005725191,278,0.467
Simias concolor,Simias_concolor,concolor,Simias,Colobinae,Cercopithecinae,Cercopithecidae,Cercopithecoidea,Catarrhini,Anthropoidea,Haplorhini,Primates,Pig-tailed langur,N,N,N,N,N,N,DO,NA,,,,NA,NA,7.97,9.15,6.8,1.345588235,331,0.352
